MAGIC_KEY,MEAT
2BCFE9C06A7,25.2
2C2A872B5A2,25.2
2C6A897671B,25.2
2C6F1287F53,25.2
2C658198CC9,25.2
2C4EE37B731,25.2
2BCAFB5E7AC,25.2
2CA4F46043F,25.2
2C4AF45B6F7,25.2
2CE77C1AC2C,25.2
2C4C052E857,25.2
2BFCDB1D94C,25.2
2CC38CC61FD,25.2
2BE99772504,25.2
2C4AEC9B62B,25.2
2CD1FBF9E34,25.2
2C638F2AD5E,25.2
2CC9C1CFD74,25.2
2C968606E13,25.2
2C58F02C227,25.2
2C51E9CD019,25.2
2CB37155EE0,25.2
2C6BF62ED3B,25.2
2C2C53B5CE2,25.2
2C3119BC786,25.2
2C76DB74126,25.2
2BEFA4EAD8C,25.2
2CE615BA665,25.2
2C67DEAE590,25.2
2CBDD4FFB20,25.2
2BCFE9F4972,25.2
2C2BE9CB52D,25.2
2CEBD26DFD4,25.2
2BCED9701ED,25.2
2CE79584C36,25.2
2C2D59222F5,25.2
2C6D0AD25B3,25.2
2CB93D8F0C8,25.2
2CB9F9EC621,25.2
2BC82E22FE6,25.2
2C29C95A2F8,25.2
2CB02853406,25.2
2C4EE802265,25.2
2C29F471722,25.2
2BC7A49A5F6,25.2
2C65D50A62E,25.2
2C4E20A5C00,25.2
2C317E052FE,25.2
2C1C81B1E8C,25.2
2CEA12E2E76,25.2
2C07D58DA96,25.2
2CEF2EA2489,25.2
2C56039AC04,25.2
2C2F75C1B2F,25.2
2BECC96D07C,25.2
2CE7945CF33,25.2
2BC94B7AEB7,25.2
2C374EEE523,25.2
2C2BF977922,25.2
2C7D5B398FF,25.2
2C5B1BFF056,25.2
2BF41C59411,25.2
2BCFC41F3EB,25.2
2BCFD05BD7E,25.2
2C2E0242CEA,25.2
2BE023ED0DB,25.2
2C39DC93948,25.2
2CEF685A126,25.2
2C02C455E39,25.2
2C6B8D9DF8E,25.2
2C658C136BE,25.2
2CD50BCB1C0,25.2
2C769C55114,25.2
2BE38D326BF,25.2
2C2C4852677,25.2
2C82BA4BC7F,25.2
2CE79022814,25.2
2BD93F43445,25.2
2CA7A74A9F6,25.2
2C9CA28666C,25.2
2BEA862F06F,25.2
2BFBD383923,25.2
2C079D55BEF,25.2
2C39EBA9EA0,25.2
2C4BDDF3823,25.2
2CB6E2E446C,25.2
2C894EEB5DD,25.2
2C9C0CE5C66,25.2
2CDCEDE8CD4,25.2
2C015AE0C57,25.2
2E224CE9C74,25.2
2BC9C3B933C,25.2
2BCE5884FEF,25.2
2BF43EDACF0,25.2
2BFCBC4AB5C,25.2
2C8D88106CF,25.2
2BF8FE9A36C,25.2
2C47168C225,25.2
2CF2852FDAE,25.2
2C23E9DAACD,25.2
2CDC44B7E3C,25.2
2BCC7D5275C,25.2
2C13FE6758C,25.2
2C4BE6939A2,25.2
2CE79B508D1,25.2
2C4EC5D7B5D,25.2
2C9FBF37977,25.2
2C51D62F438,25.2
2C2C3EF0F53,25.2
2CD1E6D5E60,25.2
2C3ADD41125,25.2
2A607260111,25.2
2BE6C8FD127,25.2
2C279F0364F,25.2
2BE9A2EB32C,25.2
2C410C37F06,25.2
2C4DD4CB5EC,25.2
2C5311EAA11,25.2
2C9837E2F37,25.2
2CA2D9C1FF7,25.2
2D7282C6DEB,25.2
2BD13F09E79,25.2
2C7211F2E5E,25.2
2BF12B72BF8,25.2
2C18417379C,25.2
2CBF7AAEFC6,25.2
2CC8C4EB3CF,25.2
2BDED1EE9EE,25.2
2C41D95AEEC,25.2
2BF269C7A26,25.2
2BF6B47689E,25.2
2C4E1C199EB,25.2
2CCB8B049D4,25.2
2C14F88C6B5,25.2
2BE8997D818,25.2
2BE9FAAE217,25.2
2C2C7CF2108,25.2
2C4495DBDAE,25.2
2C757534C33,25.2
2C921C0FC54,25.2
2CAF1C1947C,25.2
2CBB9DBAC54,25.2
2BEC78B5124,25.2
2C6A7F34028,25.2
2C88804EDFE,25.2
2CD5D3A82CC,25.2
2CE9A11F1C8,25.2
2CAB5DAFEE3,25.2
2BCFAF507B6,25.2
2BE62CBCE3F,25.2
2BF336169FE,25.2
2C20F88C0E5,25.2
2CA19E795E8,25.2
2CA790DBE13,25.2
2CEBEA594CB,25.2
2C4291D8F34,25.2
2C469CC53E7,25.2
2C88965C59D,25.2
2C9DDCEABCA,25.2
2CB6E8C201B,25.2
2BD482F4B0E,25.2
2CC2ED46380,25.2
2BCAF80AB04,25.2
2C385BCBA99,25.2
2BCFA5D8D80,25.2
2C669BFD41A,25.2
2CE7A591553,25.2
2C1FAD3FD43,25.2
2C20F7C5BED,25.2
2BC3B1638FE,25.2
2BDBE84E585,25.2
2CA88FECB24,25.2
2CBF496C167,25.2
2C4AF048E37,25.2
2C5BD68ACC3,25.2
2CC9B795E7D,25.2
2AC0AD6F852,25.2
2BC44264B31,25.2
2BCFB3BB169,25.2
2BD58A1FBDD,25.2
2BE28C9006B,25.2
2BEF340DB55,25.2
2BFED83DA59,25.2
2C4ADA91953,25.2
2C4EDDE48B6,25.2
2CA19EE8CD0,25.2
2CACB7AEA0C,25.2
2E5E4A47984,25.2
2CA597412EC,25.2
2C8F2706A9F,25.2
2CA399506B3,25.2
2D2DCE171AD,25.2
2BCA1B3B362,25.2
2BD2C14FCE6,25.2
2BD7D66B252,25.2
2C0A32CD3BB,25.2
2C13FE7DC65,25.2
2C2A114A639,25.2
2C2EC7E9BE4,25.2
2C40F631C80,25.2
2C4EC3624F7,25.2
2C4EF599CAA,25.2
2C7CC8F7D2A,25.2
2C9D8A0D2CA,25.2
2CBAB51E995,25.2
2CEF76AFFF5,25.2
2BD4D148F4D,25.2
2C236FCF8E8,25.2
2C4AF71D172,25.2
2C5794A589A,25.2
2C596C404A5,25.2
2CA65E340D8,25.2
2C75D1AF43B,25.2
2C5343CE4CF,25.2
2C53445373B,25.2
2C5AEE77152,25.2
2C0ECE64BAD,25.2
2C34A544D4A,25.2
2CE1E85E7E7,25.2
2C2A1D77A45,25.2
2C960E94567,25.2
2BD4AE863E2,25.2
2BD94EB9737,25.2
2BDA07D1653,25.2
2BF16E61F5B,25.2
2C7F85089AF,25.2
2C90B60649D,25.2
2CB6654A950,25.2
2BD0B05F79E,25.2
2C4CA6746A9,25.2
2CD769F42B0,25.2
2C2B2ACBBBC,25.2
2C2ED81FDD1,25.2
2C399DCBED4,25.2
2C669C668CC,25.2
2C885E30F29,25.2
2CB23269B6B,25.2
2CE99FD7A9B,25.2
2CF41741E01,25.2
2BE4703FB71,25.2
2C0F1B131CF,25.2
2BC955CD2BF,25.2
2BEC3B3F411,25.2
2C05C9700D0,25.2
2C13FE552B1,25.2
2C15D3C2FFB,25.2
2C1A76556A4,25.2
2C298E87552,25.2
2C39D333C95,25.2
2C4EC2BAB0D,25.2
2C4EE321806,25.2
2C56F69DF33,25.2
2C7AC924F9B,25.2
2C7C4D10FEC,25.2
2C847EE9541,25.2
2CA4A767C07,25.2
2CB13D538FD,25.2
2CD4E3DCAC4,25.2
2D36352B9F4,25.2
292E878A7C9,25.2
2C8A325222C,25.2
2D01396AFA1,25.2
2BC5B45B384,25.2
2BDBC2C66F6,25.2
2C4E576E51B,25.2
2C723B76ED4,25.2
2C7475B8FFF,25.2
2C8EBF1E5F8,25.2
29022BD9FCF,25.2
29230E3DFC2,25.2
2C1C33A3C2C,25.2
2C3462625E1,25.2
290C9DBA842,25.2
2A046A740EB,25.2
2CD5F0A88B4,25.2
293944378CF,25.2
2BFCB915234,25.2
2C534068CDA,25.2
290E83AD8E2,25.2
2BFEEC8B820,25.2
2C273710B74,25.2
2C40F837837,25.2
2CB442680EC,25.2
2CE1AB7B856,25.2
2CF242F4C68,25.2
2C4AE345FAC,25.2
2CA91FD15A4,25.2
2BD41F11411,25.2
2BF578116DC,25.2
2BF60F9F3C1,25.2
2C13E602ECE,25.2
2C214E2A544,25.2
2C241519201,25.2
2C377058969,25.2
2C3AD2AA1E8,25.2
2C3CDB22F65,25.2
2C528BAC1EA,25.2
2C7BCDB2BA5,25.2
2C7D3951766,25.2
2C85CCDD015,25.2
2CB9043F5FA,25.2
2CC14D51F44,25.2
2CC71E7346B,25.2
2CC9D55140D,25.2
2CD18E902CF,25.2
2CD881B9ACB,25.2
2CE07CF8A7D,25.2
2CF11D78B33,25.2
2CD781C2E98,25.2
2BF40E3ACEF,25.2
2C12CF70178,25.2
2C3AD39A73E,25.2
2C4B20089BE,25.2
2C7F2906819,25.2
2C817C7DEF5,25.2
2CB07CE9953,25.2
2CBA8081103,25.2
2CEB1E2CC71,25.2
2CF70C02811,25.2
2BC89C58EB2,25.2
2BCC9CE17D7,25.2
2BCD712D342,25.2
2BCE24E1B59,25.2
2BCF4BB7A5D,25.2
2BE9EDC1E2C,25.2
2BEA9E423C5,25.2
2BF585EC5AC,25.2
2C39E5F4517,25.2
2C4E6608003,25.2
2C682E0F834,25.2
2C69CCD688C,25.2
2C79C36A374,25.2
2C8F1E0CDBC,25.2
2C91413A38B,25.2
2C969111BFD,25.2
2CA8C21DCDA,25.2
2CA9FDDA1CF,25.2
2CABC7B6FA7,25.2
2CAF1BA55CF,25.2
2CBC79727CF,25.2
2CD1F9F647C,25.2
2CD66025AE6,25.2
2CD88A7E200,25.2
2CDFF8570E9,25.2
2CE785ECD1B,25.2
2CE9BD31FAE,25.2
2CFE55BE26B,25.2
2D355D72626,25.2
2C32C19199B,25.2
28D616AA58A,25.2
28DC8B9D642,25.2
29313A1C8C6,25.2
2BE4E1F557B,25.2
295C06768B2,25.2
2900601E583,25.2
2C0A10A215E,25.2
2CDB9E60B69,25.2
2CE1CAA81AA,25.2
2BEFA90DEB6,25.2
2BFC12C50B3,25.2
2C18032DE79,25.2
2C1FB402CBF,25.2
2C2715C3404,25.2
2C46A8D8871,25.2
2C4C1D72D5D,25.2
2C90965B668,25.2
2CD987BECCF,25.2
2CD9D01AE4F,25.2
2BC754537F7,25.2
2BCFB60E051,25.2
2BDEFF0C524,25.2
2BE8333CBFF,25.2
2BEFA461EB0,25.2
2C0DC64D1F8,25.2
2C112EDF8A2,25.2
2C2764DBF03,25.2
2C293FC0910,25.2
2C2EB2B0FA8,25.2
2C4BE48D296,25.2
2C4BFF471C9,25.2
2C5060E5304,25.2
2C587C262C2,25.2
2C5B6954146,25.2
2C6A3333DB4,25.2
2C988814D07,25.2
2CB027C379F,25.2
2CB54AEB519,25.2
2CBC4DE4016,25.2
2CCC4AE9712,25.2
2CD25BA53D8,25.2
2CEA31A6AA6,25.2
2CEC9A4123A,25.2
2D4CB81B1AC,25.2
2A5FA995075,25.2
2C32EFDAE44,25.2
2C4C740CC62,25.2
2C7BC85C461,25.2
2C802A48422,25.2
2CC8BF5E7C1,25.2
2CE63E98762,25.2
2CEC82436A1,25.2
2CEE205C712,25.2
2D003E8F2CE,25.2
29F30296E7B,25.2
2BDD86B1445,25.2
2BE4BB6CCF3,25.2
2CAA8250822,25.2
2BDED731B74,25.2
293C9D3993E,25.2
2C0AAE4519F,25.2
2C141443B7B,25.2
2BC58D95C6E,25.2
2BD6EE7E9EB,25.2
2BDDD3AE07B,25.2
2BE7DD62467,25.2
2C0EE0D9B6F,25.2
2C13F6C5FCE,25.2
2C13FE592E8,25.2
2C1BAE817F1,25.2
2C2373200AE,25.2
2C28604563E,25.2
2C3C885885C,25.2
2C5AC679108,25.2
2C81D358531,25.2
2C8DE58477E,25.2
2C97730436D,25.2
2CAF050363D,25.2
2CB7022F8CE,25.2
2CB9C5A57D8,25.2
2CE23AE2D11,25.2
2CE906D5510,25.2
2BE7440FE57,25.2
2C42B928F97,25.2
2CEC6805689,25.2
2CF57413EF2,25.2
2908FF497D6,25.2
2C59CBDF5DD,25.2
2BDA0C83101,25.2
2BE0ABF3AD6,25.2
2BE8636FADE,25.2
2BEEE926F79,25.2
2C36E20582C,25.2
2C5D8FADCEC,25.2
2C72FC2E576,25.2
2C732016457,25.2
2C9498DB8A0,25.2
2C94C5187CE,25.2
2CB11A014F2,25.2
2CB5234FFBD,25.2
2CB82FFAFA8,25.2
2CBA898AEC2,25.2
2CC2303D03F,25.2
2CE9AF1EDDC,25.2
2CEC5828C39,25.2
2C22E57DCAC,25.2
2BC63AFB3B6,25.2
2BCD2123F26,25.2
2BCFBAE887A,25.2
2BD0AEB73BB,25.2
2BD3EAD1EA8,25.2
2BD9C710494,25.2
2BDFF9FD9B4,25.2
2BE397837E4,25.2
2BE772AF982,25.2
2BF81B1AA7E,25.2
2C076EC8766,25.2
2C11DF46647,25.2
2C294BDAB25,25.2
2C29677F506,25.2
2C363410C0B,25.2
2C3B3943A49,25.2
2C4B0CB53BA,25.2
2C4C021EF56,25.2
2C4E351210E,25.2
2C4ED58D66A,25.2
2C5A8803CDF,25.2
2C64736A180,25.2
2C6B1B7D29A,25.2
2C75D7CF192,25.2
2C7B505C14D,25.2
2C82788E0FE,25.2
2CA0297D701,25.2
2CAC71C4DD7,25.2
2CB11CEB55A,25.2
2CB391E86A8,25.2
2CB831D1F75,25.2
2CBBCAE0431,25.2
2CD1BA2D4BA,25.2
2CD88BE4074,25.2
2CDC4FD96C6,25.2
2CE96834F3C,25.2
2CE97503AFC,25.2
2D2E0DADCDC,25.2
2C246FB0997,25.2
2C75D564527,25.2
2C93859D347,25.2
2CC1C8E0F56,25.2
2CCC48A525C,25.2
2BDF51F0BAF,25.2
2CDDD8BFD31,25.2
28D1D4499D4,25.2
28E631BA746,25.2
28E64A5A9AF,25.2
28F2F56B595,25.2
28FF50D456A,25.2
29045BDACEA,25.2
29109B11876,25.2
29182C066A0,25.2
29280D84BE6,25.2
29332408DF9,25.2
293FEEB3FAA,25.2
298376C6447,25.2
29A77E3F1C4,25.2
29D9005EBAD,25.2
29F9E1706B1,25.2
2CD59D5B13E,25.2
2CDE458F9C2,25.2
296FE5195D2,25.2
28CF0640F8B,25.2
28CFD58918B,25.2
29380630CEE,25.2
29703758472,25.2
28DB2E202BE,25.2
2962CD39122,25.2
28E0445DA85,25.2
2BE16703305,25.2
2C1E97DA798,25.2
2CA190BFBB3,25.2
2BE819CAF4E,25.2
2C04C34E5BD,25.2
2C0A9D40A4C,25.2
2C29E2D43DE,25.2
2C946593DA6,25.2
2CD736524C4,25.2
28F6516D5B7,25.2
2915B335D1F,25.2
2959E7F4F22,25.2
2BD0B024748,25.2
2BF6E9C5D87,25.2
2C2368625F5,25.2
2C24CD66460,25.2
2C25D04C04E,25.2
2C28AA46E4D,25.2
2C2C711D944,25.2
2C332D653F8,25.2
2C574BA2885,25.2
2C5D187E504,25.2
2C63ABB437E,25.2
2C6B7111FE1,25.2
2C7AFFFBB5A,25.2
2C7B4C67846,25.2
2C84823B3B1,25.2
2C9F619A3BF,25.2
2CA36C39908,25.2
2CA57AF6D59,25.2
2CA6E77523F,25.2
2CAA957DA38,25.2
2CAB7107CAC,25.2
2CADD3692BC,25.2
2CBAF8BE66C,25.2
2CC23D63CF2,25.2
2CC446B24EE,25.2
2CC4FD5F79F,25.2
2CC8FCF2854,25.2
2CD4183C261,25.2
2CD767D0B07,25.2
2CE6D889044,25.2
2CE70B6053A,25.2
2CECEFF2102,25.2
2CF1593D112,25.2
2CF309066BE,25.2
2D0035C2764,25.2
2BCFDA52BB1,25.2
2BD7F724596,25.2
2BDA214B739,25.2
2BDB211A8D4,25.2
2BDC5991B53,25.2
2BDC86BEC10,25.2
2BDD2C12796,25.2
2BE75EC6C6F,25.2
2BE816AF5A8,25.2
2BEE9A91120,25.2
2BF11B5DEA6,25.2
2BF41E8D424,25.2
2BF8537FA9E,25.2
2C05A5498F0,25.2
2C06218BC03,25.2
2C0B4576993,25.2
2C0F2F059C1,25.2
2C17317024C,25.2
2C1CAF6E422,25.2
2C27CA32BC3,25.2
2C2DDB99EE3,25.2
2C45E07B44C,25.2
2C47730B5B9,25.2
2C4AE652B59,25.2
2C4BE65EB82,25.2
2C4BF1CDECB,25.2
2C4C0815F32,25.2
2C4C1D5F011,25.2
2C4C2B68E92,25.2
2C4E89D48B8,25.2
2C4ECDF9BC2,25.2
2C54048D818,25.2
2C676AC56C8,25.2
2C82E59D1E3,25.2
2C830D883FD,25.2
2C8FB06FE2C,25.2
2C95E162557,25.2
2C96D9EC25E,25.2
2CA0863DD21,25.2
2CA117801E0,25.2
2CA1B8D610E,25.2
2CA327C8D3E,25.2
2CAB86CD434,25.2
2CACB3E8CEF,25.2
2CB61364331,25.2
2CB6ACD5816,25.2
2CBC4EE4281,25.2
2CC0BD88362,25.2
2CC3BF6EED0,25.2
2CC818972B1,25.2
2CD5F1467BF,25.2
2CD82A4CE9B,25.2
2CDA8190891,25.2
2CDDFBD4759,25.2
2CDE16BA15B,25.2
2CE0A2E77F8,25.2
2CE59CEE778,25.2
2CE77F2ECF2,25.2
2CE788F2F04,25.2
2CE78B90790,25.2
2CEB4BB3104,25.2
2CEE0FA0764,25.2
2CF2BC8E566,25.2
2D00580C108,25.2
28F7C227866,25.2
2C1AD038FE4,25.2
2C2CDFA9ACB,25.2
2CF18824C54,25.2
2BC75986113,25.2
2BC84DA90D7,25.2
2BD09440185,25.2
2BEE8E178FF,25.2
2BF220F17C3,25.2
2BFD8B8FC41,25.2
2C021781274,25.2
2C02343232C,25.2
2C0263FAE3D,25.2
2C18B8BAD07,25.2
2C2436E4E52,25.2
2C2B0F09222,25.2
2C5E82C8D9E,25.2
2C6366FDD63,25.2
2C6537B5473,25.2
2C712032A97,25.2
2C7FCE3B4CA,25.2
2C800DD10DD,25.2
2C8A8024153,25.2
2C8B2EF8E27,25.2
2C935A81391,25.2
2C9E046E76A,25.2
2CB37460100,25.2
2CC2F7F943E,25.2
2CC422825F6,25.2
2CC441F0D2B,25.2
2CC6A1EC25C,25.2
2CD62189B41,25.2
2CDDD6CA9E4,25.2
2CE0BF962EA,25.2
2CE6BA957B2,25.2
2CE6C2211EC,25.2
2CE9EF20467,25.2
2CEBAF8507B,25.2
28D75E25A86,25.2
28DDFBBB81E,25.2
29089A2FD6B,25.2
29123A75C84,25.2
29143178239,25.2
2916413F3D4,25.2
292B4399CC5,25.2
296B578F50A,25.2
2B286AF3AC9,25.2
28D84DD0D0F,25.2
2C39CAE212A,25.2
2912AC5C83E,25.2
29651B954D7,25.2
2C774986958,25.2
2CD7DA8DC95,25.2
2C6490C20CD,25.2
2972A5F76F8,25.2
2920D91F9BA,25.2
2C22B9DE8C2,25.2
29A77562945,25.2
2C4611DBAD6,25.2
2C68CE44F78,25.2
2C78594C88C,25.2
2BDFCAC92CF,25.2
2B7C4CEE400,25.2
2BD3A95B05B,25.2
2BD934217F4,25.2
2C02539D1B8,25.2
2CDB72BE664,25.2
2BC7EB64A6C,25.2
2C510099BDA,25.2
2C9BB583DF8,25.2
2CA77DFA884,25.2
2CF99FBF558,25.2
2904BC77339,25.2
290F938A67D,25.2
2914A5D29E8,25.2
293B9FEA43D,25.2
2C9D5C6B07D,25.2
2C1AE705B29,25.2
2C7F4D669A5,25.2
2CA06609C49,25.2
28E4B6D4844,25.2
290ACF1FF17,25.2
29164C0C7DB,25.2
2932DC839DB,25.2
2A084D729F7,25.2
2BF85B7C26A,25.2
2C7F0A7E794,25.2
2C883F47699,25.2
2BC35B78535,25.2
2C6A7948D2A,25.2
2BC4556C875,25.2
2BCC3EFEB95,25.2
2BCDE286494,25.2
2BCF52C5B0B,25.2
2BD482DA3FE,25.2
2BD9C85A54E,25.2
2BDA071D06F,25.2
2BDD6BFF947,25.2
2BF315FEE6E,25.2
2BFA91D2A18,25.2
2C01BA4F36D,25.2
2C03A919972,25.2
2C0788CF75F,25.2
2C149D331EC,25.2
2C1B51BFB27,25.2
2C27A990AAD,25.2
2C396D30698,25.2
2C4389B3D38,25.2
2C489BE9A01,25.2
2C640EF9F37,25.2
2C712AD1E09,25.2
2C7689B779E,25.2
2C76B13EFAE,25.2
2C885FA8CB1,25.2
2C89C2035B2,25.2
2C8CB765F04,25.2
2C976D113C8,25.2
2C999083C5A,25.2
2CA6F4353CD,25.2
2CAB631C572,25.2
2CB575B1D69,25.2
2CBF78F3625,25.2
2CBF902961C,25.2
2CD8291272F,25.2
2CE52610A86,25.2
2CE9D3DED02,25.2
2CECC04E335,25.2
2C843C76C4E,25.2
2C9CF5160E6,25.2
2905F88D392,25.2
29140033D30,25.2
29146DD9F95,25.2
291900D7C05,25.2
2964ADA3D79,25.2
2967E7A9728,25.2
29DAF9C9BCE,25.2
2CC6DB63F50,25.2
2CE1905C86F,25.2
2C88EE7DF3F,25.2
28F09F3F7C6,25.2
2CAB785E8C6,25.2
290046A669C,25.2
2BDF353FAF7,25.2
2BE4AD20903,25.2
2C0EAD918E7,25.2
2C0F54F4ECA,25.2
2C69C901D76,25.2
2C73CB5B511,25.2
2C9A82478CA,25.2
2CE4116F7D4,25.2
2BCC6985BCA,25.2
2BF9FB36CFA,25.2
2BFB3ADD889,25.2
2C24CFF879C,25.2
2C5905C8FFB,25.2
2CEB8C7468A,25.2
28EDD3C2ABC,25.2
2929FF52A47,25.2
29306E0C5B4,25.2
296210B2E4E,25.2
2BD20181681,25.2
2C016B9C83E,25.2
2C44C0D7057,25.2
2C73CEC0D06,25.2
28EA3C0140E,25.2
28FA5C0F854,25.2
290372E7C1B,25.2
2906B1C7DF3,25.2
290779B93D9,25.2
291308FA6E0,25.2
2934EA2247A,25.2
296A0827190,25.2
298345155AA,25.2
2A43A72440F,25.2
2BC65A4C2C0,25.2
2BE65FDE54B,25.2
2BF88F7DA29,25.2
2C00C257893,25.2
2C06C50A22D,25.2
2C0A9A9F189,25.2
2C229C45E77,25.2
2C31984A82F,25.2
2C7BF3C042E,25.2
2C7D38B43B0,25.2
2CA56B61F59,25.2
2CADD971657,25.2
2CAEE5BDC83,25.2
2CB37A9A567,25.2
2CC2AC662EC,25.2
2CCE8381622,25.2
2CD16C7ABF6,25.2
2CD80ECDD53,25.2
2CE5C1F267E,25.2
2CF0160384E,25.2
2CF22A2DE83,25.2
2C222D0D77A,25.2
2C342FDF935,25.2
2C74CFC8B9C,25.2
2C9C81C1A11,25.2
2C9F4C2A764,25.2
2CD68277131,25.2
28EDE78268D,25.2
291060606F9,25.2
2A465F19FD8,25.2
2BD6A5A0353,25.2
2BE0A161AEC,25.2
2BF2D6F341A,25.2
2BF4DDFB19A,25.2
2BFAB414ADC,25.2
2BFF2CF3D97,25.2
2C11D0EFC23,25.2
2C2BD243679,25.2
2C2BDBF7F3D,25.2
2C7178987E0,25.2
2C834DBDD53,25.2
2C9327915C3,25.2
2CBDD986654,25.2
2CC3E205050,25.2
2CDB24CE784,25.2
2C5EEC1F8B5,25.2
28F64DD4A13,25.2
28FC20EA732,25.2
28FD115BAEC,25.2
29043052EF5,25.2
2904F82A192,25.2
290845F997F,25.2
290F428EB0C,25.2
2979FB68E08,25.2
297A86EDC97,25.2
297BEADEA67,25.2
297DD7F261E,25.2
29CEEFCCD6E,25.2
2BC86EDC8C5,25.2
2BF292AD7CA,25.2
2C06DDF9D8D,25.2
2C7D91F873B,25.2
2C89F11D587,25.2
2CCB4AE1720,25.2
2CD5076007F,25.2
2CF4C1E8822,25.2
2BE4AD4D6B5,25.2
2C76D339BB0,25.2
2BE4B0D2146,25.2
2CF418E6574,25.2
2BC91A598BA,25.2
2BE242A6D6D,25.2
2BE66F48B5F,25.2
2C07EE8B10C,25.2
2CE1B48BFD9,25.2
2C1599B1F88,25.2
2C3C5DFA969,25.2
2CCFD9B01C1,25.2
2CD6739FC66,25.2
2979DEA2593,25.2
292BE56EC29,25.2
29F13CA83AD,25.2
2BD3A023207,25.2
2BE9D129A13,25.2
2BF57A39DD8,25.2
2BF7F2ECB67,25.2
2C01E19AFD2,25.2
2C22EBE308D,25.2
2C383FBF2B0,25.2
2C3DBCC61A5,25.2
2C55F13F436,25.2
2C5C0355292,25.2
2C5C7112EB3,25.2
2C5FB7577BB,25.2
2C750708FD4,25.2
2C9059EE3BC,25.2
2CA932D61CD,25.2
2CAC00542C9,25.2
2CB1CE9B864,25.2
2CC105A9C1A,25.2
2CCBE900E0A,25.2
2CCE6838D6B,25.2
2CE32BFD526,25.2
2CE8F10A2E0,25.2
2CECD931662,25.2
2CF0305157B,25.2
2BD4050C9DE,25.2
2BFAC6BFF68,25.2
2C143C75E90,25.2
2CB31F5BB75,25.2
2CD6AF7E58E,25.2
2CEF75AE6E0,25.2
2BE67F9010B,25.2
2CE09A67BF8,25.2
2BE3DBDD180,25.2
2BE55BEBAF8,25.2
2BE7EDDA435,25.2
2C1DA4E9ED2,25.2
2C238833818,25.2
2C36FBD763E,25.2
2C569D07196,25.2
2C6CB9CF8F0,25.2
2C7C01EEFF3,25.2
2C7D0D38DEE,25.2
2C8A49506AF,25.2
2C4D54DF73D,25.2
2CB37F6415F,25.2
2978008EFE9,25.2
2BC9CB64012,25.2
2C6041622FC,25.2
2BC56771945,25.2
2C15340E35E,25.2
2C9034FDA74,25.2
2A1008D1F47,25.2
297798080E2,25.2
297844A824E,25.2
29CFB639244,25.2
292E9E8356B,25.2
28FAE35103A,25.2
29552739E00,25.2
2955A7D4424,25.2
29D9B31B58E,25.2
29E115F9769,25.2
29080E41663,25.2
28E3C304292,25.2
28E5421BCF0,25.2
28DA4AB2156,25.2
2978B2F442C,25.2
2C083636918,25.2
2C1D96E80BF,25.2
2C87C8783D9,25.2
2D735153127,25.2
2C3DBCCB0F8,25.2
2C64ACF08A6,25.2
2C6B0499160,25.2
2CA77C9A4B8,25.2
2A114E5C4F4,25.2
27D86DD37C9,25.2
2903FE19CD1,25.2
2BCA1B4A15B,25.2
2BCA694778A,25.2
2BD35D39585,25.2
2BDB25FFEBF,25.2
2BDFF758C0F,25.2
2BE329B4F92,25.2
2BEE389A1AD,25.2
2BF0B060A1D,25.2
2BF773FC75E,25.2
2BFB27FB3DE,25.2
2BFD809DEBD,25.2
2BFE8B684F4,25.2
2C0B31F1E18,25.2
2C0C3999590,25.2
2C249894175,25.2
2C317DD3D87,25.2
2C377ABEABD,25.2
2C49A3D7358,25.2
2C4C2A2B9D2,25.2
2C4E23D34BA,25.2
2C59D31FEE5,25.2
2C661BDE1BC,25.2
2C794FDFB9C,25.2
2C7E4257C00,25.2
2C8462FE981,25.2
2C868376941,25.2
2C8866D7E33,25.2
2C89AA3918F,25.2
2C8CC63260D,25.2
2C94DD77F39,25.2
2C957378AA0,25.2
2C9A5165EAF,25.2
2C9A79D9450,25.2
2C9C1D0AA94,25.2
2CA21F89163,25.2
2CA789754E4,25.2
2CAA58B3746,25.2
2CAC8A8C34A,25.2
2CB33091C06,25.2
2CBE12937EC,25.2
2CC1BAAE721,25.2
2CC631A9687,25.2
2CCC7FAB55A,25.2
2CD9532BA71,25.2
2CE0D965B36,25.2
2CE276B20B2,25.2
2CEA2A1BF88,25.2
2CF5658DD8F,25.2
2CF9CB47714,25.2
2CFDD998867,25.2
2CB2390CCF6,25.2
2CBFD948024,25.2
2BC8C8F88CE,25.2
2BE9F8008AF,25.2
2BFCC834EA4,25.2
2C250A5E7E7,25.2
2C470F7B05C,25.2
2C7200DF184,25.2
2C562CB0875,25.2
2CC141CAE78,25.2
2CB8A7CB028,25.2
2CBF393A73F,25.2
2BC45569393,25.2
2CF74806D99,25.2
2CD5EE54AB0,25.2
2BDA229542C,25.2
2BFD36E301B,25.2
2C053F400BD,25.2
2CF260C8342,25.2
2CD997E556E,25.2
2CDF435E687,25.2
297CF41AC3D,25.2
2969BEA9CD1,25.2
28ED672036B,25.2
296F92400D0,25.2
2BC9FF6C923,25.2
2C04C5044B6,25.2
2C387F849C9,25.2
2C4743A247B,25.2
2C99570FBD6,25.2
2C9B6D9A0B4,25.2
2C9E4B0454E,25.2
2CF016E408F,25.2
2BC52E2223E,25.2
2BC6F416026,25.2
2BC7A818E51,25.2
2BCD0E94C1B,25.2
2BD035F481F,25.2
2BD0C7FD964,25.2
2BD4B226FF4,25.2
2BD5294981B,25.2
2BD6CE952B7,25.2
2BD7FB7DF51,25.2
2BD863E7266,25.2
2BDA468C4CD,25.2
2BDBEE7C947,25.2
2BDCAC02ABF,25.2
2BE0786A989,25.2
2BE0B0F15D2,25.2
2BE0E2E0219,25.2
2BE150D741F,25.2
2BE427984F8,25.2
2BE6EE9F6C6,25.2
2BE71B44B8A,25.2
2BECC66C93B,25.2
2BF05BFEF29,25.2
2BFA457B206,25.2
2C072BA8253,25.2
2C18F0031AD,25.2
2C1F6500C60,25.2
2C2151198C6,25.2
2C23FDBA48F,25.2
2C2B1EC16BC,25.2
2C34CDDA6A2,25.2
2C4D511F101,25.2
2C572C27556,25.2
2C66FED6A06,25.2
2C6FCD740E8,25.2
2C8975C64B0,25.2
2C8E7CF44AA,25.2
2C9C6774839,25.2
2CA6B38A159,25.2
2CAD797DCD5,25.2
2CB34010E82,25.2
2CBCF5E3A93,25.2
2CC0770E338,25.2
2CC599EB347,25.2
2CC738C7007,25.2
2CDBF324D84,25.2
2CDD46227C0,25.2
2CE3D8DDA02,25.2
2CE410533E8,25.2
2CE4A74FDBC,25.2
2CEE119BCE7,25.2
2CF9EBF14D1,25.2
2BE89A9E002,25.2
2C04921E1C7,25.2
2C226AA180D,25.2
2C860338F9C,25.2
2C8FDE28EE0,25.2
2C9729A614A,25.2
2CACE78B269,25.2
2CC184B1DA6,25.2
2BE55A02FDE,25.2
2C091EF07C9,25.2
2C11F414727,25.2
2CC045D0065,25.2
2BC396F161B,25.2
2BD22703E2F,25.2
2BD785EEEA5,25.2
2C33BB0F0DA,25.2
2C383DBC44D,25.2
2C3EBC17226,25.2
2C55AAC4C7E,25.2
2C5653F6DF9,25.2
2CA181630B5,25.2
2CA3F3F1928,25.2
2CBDD3417F2,25.2
2CC5C1D5645,25.2
2C0D2D39120,25.2
2C3754C07BB,25.2
2C5786F6FEE,25.2
2C70E474E7C,25.2
2C8C001B10F,25.2
2CBAB3541FB,25.2
2CBF45CF1C5,25.2
2CBF9CAD0AA,25.2
2CD77599AC3,25.2
2BDC8DAFFE8,25.2
2BEAB4E7FC7,25.2
2C53AE5951C,25.2
2C757D95D25,25.2
2CD7FC1C2CA,25.2
29838B86283,25.2
29DA0CA9B2F,25.2
29DE30C38EC,25.2
29FDE952D0B,25.2
2931A649E87,25.2
295EAF4E27C,25.2
290BB9B0607,25.2
290BF56C023,25.2
2944DF5943F,25.2
29DA02BDABE,25.2
2A0D09E1C74,25.2
293888F7E0C,25.2
29DF80283BD,25.2
2BC4F37BE83,25.2
2C2701706EA,25.2
2C86D5ACFE5,25.2
2CAB25B9E1D,25.2
2D000B860D3,25.2
290FDF8E561,25.2
2903DEBB2B1,25.2
290C64C890F,25.2
2911A1B41F7,25.2
2930FA1D073,25.2
2968C582C14,25.2
29DEEB93CC7,25.2
2BDC3FFD35D,25.2
2BEB43B285A,25.2
2BEBF723FAD,25.2
2BEE7377587,25.2
2BEF7506888,25.2
2BF0413B517,25.2
2BF4ED85966,25.2
2BFFEDE6856,25.2
2C12D6D79C3,25.2
2C291F658F5,25.2
2C5AA6D26D1,25.2
2C65A03CB08,25.2
2C65F6DE6B4,25.2
2C7B1561181,25.2
2C9BFB2D2F6,25.2
2CC8F69C26C,25.2
2CEB4B3B5E7,25.2
2CF2C240646,25.2
2CFD7CF8F54,25.2
2BC9D95AC9C,25.2
2BC755862BC,25.2
2BCDC58663A,25.2
2BCFA28D8D4,25.2
2BD25A8A228,25.2
2BD768C9B79,25.2
2BD9D0A7166,25.2
2BDE6D58B45,25.2
2BE52FE6B05,25.2
2BF04A7244F,25.2
2BF5774A2C8,25.2
2BF9765C148,25.2
2C048DE14E2,25.2
2C067AFD4CE,25.2
2C077443099,25.2
2C14B084D7F,25.2
2C264C2C78F,25.2
2C3788EB84A,25.2
2C3AB5157D4,25.2
2C4C616360E,25.2
2C54DFDA470,25.2
2C6D694A53D,25.2
2C6DA8645FC,25.2
2C79FF8B5D2,25.2
2C7B18E3DDA,25.2
2C81B3AA21A,25.2
2C84A3FBAB2,25.2
2C84CF4D3DD,25.2
2C930D26BC0,25.2
2CA62A77815,25.2
2CAF82C8861,25.2
2CB17B4F00A,25.2
2CBCD456741,25.2
2CC7365212F,25.2
2CCE530819D,25.2
2CDC897C334,25.2
2CDE5CE1F01,25.2
2CDF14E1A68,25.2
2CE08A517FC,25.2
2CE1501A31F,25.2
2CF08147DD2,25.2
2C102DCC883,25.2
2C7C24E3C2A,25.2
2CB2165EA2C,25.2
2CC0510BFFF,25.2
2CDEA32710B,25.2
2BC969CC6AB,25.2
2BCEE38B20F,25.2
2BE6EDF4F88,25.2
2C0EFA3202C,25.2
2C2DF162B4D,25.2
2C31369FCD1,25.2
2C47B3F67D6,25.2
2C9330692B6,25.2
2C9E8920968,25.2
2CDBDDAF2BA,25.2
2CE2B5E7F2B,25.2
28FEE3A9E59,25.2
2A7E5207750,25.2
2BCF2159F31,25.2
2BD8D7D90B8,25.2
2BDCFED4E6F,25.2
2BDF24B3A16,25.2
2BE3ED2FEE7,25.2
2C00F01D541,25.2
2C263A31122,25.2
2C36FC18C91,25.2
2C4679F1C4B,25.2
2C86C63344A,25.2
2CB2BD92C97,25.2
2CB98098B3B,25.2
28D4D3CDD0C,25.2
28DC7DEC042,25.2
29641398232,25.2
2BF795D3171,25.2
2C8FAB45D0C,25.2
2C95DD6B2C3,25.2
2BDE3EB4855,25.2
2C1A5DDC745,25.2
2C4317C89B9,25.2
2CE4CCB057A,25.2
29CB20D10F7,25.2
2A049E61F25,25.2
2C1CDD62165,25.2
2CA718C17B6,25.2
2CB1FDE8FAF,25.2
2C45FFADFD6,25.2
2C8C63166EB,25.2
290E0C8BFD7,25.2
292E6BC2B15,25.2
293640B6494,25.2
294526ABC3C,25.2
297345287D3,25.2
2BD835D4287,25.2
2BE211FECFE,25.2
2BE82D83D94,25.2
2C9D497BC11,25.2
28F4752B16B,25.2
24D1CF7CA25,25.2
28D3CF45F71,25.2
28D8620E9FA,25.2
28D9F58D64C,25.2
28DE4B5F3F8,25.2
28DF2B314DA,25.2
28E0D5652B5,25.2
28E3457C68A,25.2
28E3A4ED366,25.2
28E77E1AA9F,25.2
28E84245FA1,25.2
28E865693FB,25.2
28E919FE81A,25.2
28E9DD89C12,25.2
28EB2A6DB2D,25.2
28EC9CE4699,25.2
28ED8AD4348,25.2
28F06C7B4C7,25.2
28F1A5CD118,25.2
28F312079E5,25.2
28F4EF02085,25.2
28F5A81FE10,25.2
28F65136598,25.2
28F6599A7A5,25.2
28FA783C5BC,25.2
28FFF6CEBBE,25.2
29032E084BE,25.2
2903DA6C6B8,25.2
2903FC6AF2A,25.2
29057C58F5C,25.2
290622E5416,25.2
290649FA423,25.2
2907AEC9835,25.2
290A1237155,25.2
290AC53F7BD,25.2
290D83E057F,25.2
290EDB42AFF,25.2
291180F57D2,25.2
291615C1FDA,25.2
29188113F7C,25.2
291A041E0E2,25.2
291B0521F41,25.2
291CA4FC034,25.2
291E6A4F1BD,25.2
2920F72BEEB,25.2
292BB7CC9DC,25.2
292BFAB2DB5,25.2
2932A17BA4E,25.2
2938246947C,25.2
29389822477,25.2
293CEACE9D7,25.2
29426071CF1,25.2
294358BF2F8,25.2
2947DBB5D2C,25.2
294B24C6AAA,25.2
294E49CA83C,25.2
294FCF19D74,25.2
29581F326FE,25.2
295A1FC84A3,25.2
295F22350A1,25.2
29610922176,25.2
29619A51077,25.2
296583BA80C,25.2
2965859AEF1,25.2
29687E976CA,25.2
296BE6EA192,25.2
296C3FC6EA3,25.2
296C81D55FE,25.2
296E02AA46E,25.2
296E19A1F2D,25.2
296E6F02D70,25.2
2973BCDC30B,25.2
2973BE34A30,25.2
29742C5825A,25.2
29751D65320,25.2
297852F6FCB,25.2
297E1BF7EFE,25.2
297FC89A5B4,25.2
29D4CB0DE43,25.2
29DC1D27C3B,25.2
29DE80D2022,25.2
29E0B919EAD,25.2
29E95F9DB52,25.2
29EF24716EE,25.2
29F1C199638,25.2
29F52F6B986,25.2
29F9B1FB895,25.2
2A123F51BFE,25.2
2A129BB7B65,25.2
2A13D73BD58,25.2
2D4F79A987F,25.2
2BC8836F94F,25.2
2BE3D42BEAD,25.2
2C78E244AC0,25.2
2CFF7043302,25.2
29D5A7B97BD,25.2
2CAE92D1D18,25.2
2BCD7FA2874,25.2
2BE49CB4613,25.2
2BDE7E91563,25.2
2BCAEC90DC0,25.2
2CBA39D1B2B,25.2
2CD8686B87B,25.2
2C4739969E0,25.2
2BDAB3C9A0E,25.2
2BFE35EA614,25.2
2BE1E0A8CA8,25.2
2C6D6645637,25.2
2C76A10F3BE,25.2
29397C73B74,25.2
2C273BD1054,25.2
2C226B037A6,25.2
295AD3C81B3,25.2
28D3009439C,25.2
28D32E090A9,25.2
290D4ED891F,25.2
291755B130E,25.2
292EE3BF1B9,25.2
290985ADC5D,25.2
2924147E9AA,25.2
294F202A990,25.2
2956A3B92EC,25.2
29645D88682,25.2
297EA36EC92,25.2
29D2B23615E,25.2
29D3E9B0654,25.2
29DF16DC2A1,25.2
29FA6CC7872,25.2
2CFA4BCA743,25.2
2BCD3BC3ED7,25.2
2BCE4147EA6,25.2
2BDF0B8DDB3,25.2
2BE50766D31,25.2
2BE543BDCCB,25.2
2BE6C106F58,25.2
2C01B9A2A30,25.2
2C1E47A4991,25.2
2C37DFA09B4,25.2
2C6E2D4D452,25.2
2C6F04C7793,25.2
2C9585A4B2F,25.2
2CA491FBC1C,25.2
2CAF507AD9C,25.2
2CB9B5C2F19,25.2
2CBD88F92AF,25.2
2CCDD896FE8,25.2
2CDEDB70738,25.2
2CE94B81130,25.2
2BCDAFCCB90,25.2
2BDCAD1DBC8,25.2
2BEB3FBDB8C,25.2
2BF5162F798,25.2
2BF9DFBB45B,25.2
2C1A8CF9BFC,25.2
2C1DB4BB799,25.2
2C2E6350FE7,25.2
2C3990AACC9,25.2
2CCDB99340F,25.2
2CCE9844D07,25.2
2A139740903,25.2
28F25C9782D,25.2
296EABDD505,25.2
29E88EC1A49,25.2
29F617D2E25,25.2
28E8D4DB4A4,25.2
28EB9745FBA,25.2
28F5601EAD7,25.2
28F975070D7,25.2
28F9F17252C,25.2
2903FCAE77C,25.2
29053F8A0DE,25.2
2907B14585F,25.2
290961B2030,25.2
29103705B8C,25.2
291257826D8,25.2
2916BB1D440,25.2
29294406EDF,25.2
2932258B5F8,25.2
29480A383F3,25.2
294B4B24B46,25.2
295B9A069BB,25.2
296F7FF736B,25.2
29747B68924,25.2
297EA1179AC,25.2
29CBB2245AE,25.2
29F4E00D436,25.2
2A0B138966F,25.2
2A7FDBF5CCD,25.2
2ABF30683A6,25.2
2C161AEB00C,25.2
2C1E980E2D5,25.2
2C494DF2D1A,25.2
2C4EC575BC4,25.2
2C5CE2B03AC,25.2
2C6E465EFA2,25.2
2C6F75D8507,25.2
2C7522F06B2,25.2
2C8C2F6DF3B,25.2
2CAA1400D9B,25.2
2CD5D8872BA,25.2
2CDEF0B22FE,25.2
28E9E1E9803,25.2
28F77F498C2,25.2
290A29F1FF1,25.2
290A7A88AAE,25.2
291ACE8FAF0,25.2
291E13B96B6,25.2
293CCFCA88E,25.2
29533585005,25.2
29603836AE6,25.2
297CF3E1A1F,25.2
29E9421688D,25.2
29EDD142374,25.2
2A071FA3A74,25.2
2A1410DC400,25.2
2BE295389E6,25.2
2C1F0041120,25.2
2C42F8B0906,25.2
2C987DF1122,25.2
2CE466A789C,25.2
2BCC093E91A,25.2
296A04CF0EA,25.2
2BDCB360BF2,25.2
2C73898052C,25.2
2CF53EC207C,25.2
297AABA3589,25.2
2C62318397C,25.2
2C628CEDA76,25.2
2C9617DCFEC,25.2
2CEEB3EB0F5,25.2
2BC840EA5F3,25.2
2BCA2CC275B,25.2
2BCA483DFFA,25.2
2BCB5FCDEA0,25.2
2BCCB7F9DFA,25.2
2BD264FCF76,25.2
2BD2D178784,25.2
2BD3201D00F,25.2
2BD49C2C685,25.2
2BD62C3E202,25.2
2BD6521B7F7,25.2
2BD75543954,25.2
2BDB552E36E,25.2
2BDB570BCFF,25.2
2BDE1D918D1,25.2
2BDF927E231,25.2
2BE01335CB9,25.2
2BE87B83989,25.2
2BED131CD95,25.2
2BEF6D4E463,25.2
2BEFE38DABC,25.2
2BF133040DA,25.2
2BF1DC1462C,25.2
2BF3324B239,25.2
2BF41A03B9C,25.2
2BF49D1A978,25.2
2BF66BC3CD5,25.2
2BF784DDBDE,25.2
2BF79FB7CC9,25.2
2BF854C3CE9,25.2
2BF87B0B2E5,25.2
2BF8CA2768D,25.2
2BFC161AF5A,25.2
2BFDA08C544,25.2
2BFFBD262D6,25.2
2C09524FC7F,25.2
2C095EB8C36,25.2
2C09F32B703,25.2
2C0ABD20A68,25.2
2C116846965,25.2
2C11A970FD6,25.2
2C13DF415FC,25.2
2C1A5655C5E,25.2
2C1BB8263A0,25.2
2C1E59BE37E,25.2
2C1FD8BB6CC,25.2
2C299F38B05,25.2
2C2B9468C79,25.2
2C2C9CFF29D,25.2
2C2D4B49DB2,25.2
2C2E7F333AB,25.2
2C2E8A71544,25.2
2C2F923DDC7,25.2
2C36BC98FC9,25.2
2C38E98BE54,25.2
2C44850EA41,25.2
2C45358E0BE,25.2
2C455848BBB,25.2
2C464E696C8,25.2
2C48332A7F8,25.2
2C4B1476B30,25.2
2C4D3D99DF8,25.2
2C4E2599856,25.2
2C4E6F9F463,25.2
2C51B18EB75,25.2
2C56A7DF726,25.2
2C58B77DB46,25.2
2C5F6A440E5,25.2
2C600E98CE3,25.2
2C63AF3D20D,25.2
2C657876632,25.2
2C67583A7BB,25.2
2C699206C01,25.2
2C6B5597297,25.2
2C78160231B,25.2
2C78D7C18CF,25.2
2C7B05461F9,25.2
2C88E9D541B,25.2
2C8AB6D1442,25.2
2C8BC6E4A6E,25.2
2C8C8F22830,25.2
2C91098AC32,25.2
2C91FCCA661,25.2
2C9A9648EB5,25.2
2CA8AEA4A76,25.2
2CA94B0AD85,25.2
2CAADA4632E,25.2
2CAF1382A15,25.2
2CB36B5AB06,25.2
2CB3FDEE598,25.2
2CB5773DC04,25.2
2CBAAA74FEF,25.2
2CBBE86A083,25.2
2CBD07F17A2,25.2
2CBF189DD0A,25.2
2CC097EB0DD,25.2
2CC839B21C7,25.2
2CCC047591E,25.2
2CCEC6811EF,25.2
2CD1E83EDEF,25.2
2CD425FBB05,25.2
2CD427B3836,25.2
2CD74E35586,25.2
2CDB7CECC44,25.2
2CDBADF9D67,25.2
2CDCABE0B76,25.2
2CDCEC4D8B2,25.2
2CDD31568DF,25.2
2CDE64A2EE9,25.2
2CE16D7D7BC,25.2
2CE1721C43A,25.2
2CE2465B772,25.2
2CE3DC880F3,25.2
2CE6A4A6393,25.2
2CEAF962717,25.2
2CEAFF29BED,25.2
2CEBEED68E7,25.2
2CEC0D4553F,25.2
2CEDB4D5FE6,25.2
2CEEA8FDEFD,25.2
2CEEACE8D25,25.2
2CF0FB97AEC,25.2
2CF1BD9599F,25.2
2CF3144DBA8,25.2
2CF66A76052,25.2
2CFDD8D41A7,25.2
2CFF571214F,25.2
2E6B1F28267,25.2
2C35CF259C3,25.2
2C49314A825,25.2
2BC4E2382DC,25.2
2BC6EBC720F,25.2
2BCB2F582C4,25.2
2BCBBFC2ECC,25.2
2BCD01B6E9B,25.2
2BCD2691898,25.2
2BCE2CEA003,25.2
2BCE45AE45B,25.2
2BCE6D16D96,25.2
2BCFC4A2458,25.2
2BD029131F6,25.2
2BD0ADDD905,25.2
2BD33843CEA,25.2
2BD3C9B0D5C,25.2
2BD466E20EF,25.2
2BD73740774,25.2
2BD75543D1B,25.2
2BD8D0D655A,25.2
2BDB448CAD0,25.2
2BDEE436470,25.2
2BDEF0BA2C5,25.2
2BDEFF0B9CF,25.2
2BDFB8BF5F7,25.2
2BE0212089E,25.2
2BE3C70066E,25.2
2BE47A0A747,25.2
2BE71A8F2C3,25.2
2BE74A28A5C,25.2
2BE75DE9182,25.2
2BE76EE63BC,25.2
2BE7E3DD3CC,25.2
2BEA75A0D8F,25.2
2BEC8246EA3,25.2
2BECB4B6591,25.2
2BEF9F5E545,25.2
2BEFA79E92A,25.2
2BF15AFA47D,25.2
2BF25985006,25.2
2BF6E484E00,25.2
2BF8F8DAB3D,25.2
2BFB4D2530B,25.2
2BFBF7307AE,25.2
2C0173CDA63,25.2
2C0730712F6,25.2
2C0798CD64A,25.2
2C07C61C6F7,25.2
2C0A9288674,25.2
2C0BC80E739,25.2
2C1014DFA77,25.2
2C1141FABA4,25.2
2C11B68FFE2,25.2
2C13F9DABE9,25.2
2C15CCA0A73,25.2
2C16D771E35,25.2
2C182C05979,25.2
2C1B2A7EC84,25.2
2C1BABCE01A,25.2
2C1CAF34A76,25.2
2C1E51B482A,25.2
2C22CB979C0,25.2
2C263356423,25.2
2C273E2521F,25.2
2C28FCC01EE,25.2
2C29E73ED91,25.2
2C2A55B6A3E,25.2
2C2F37970AA,25.2
2C3368867B2,25.2
2C3580E83EB,25.2
2C36AA62178,25.2
2C3871805F0,25.2
2C38F6CC2FB,25.2
2C41D1C68EF,25.2
2C4501F37EB,25.2
2C470AAB9BC,25.2
2C476524A0B,25.2
2C4AD525E19,25.2
2C4AF7220C5,25.2
2C4B032A3C6,25.2
2C4B042DEDA,25.2
2C4B0725E1F,25.2
2C4BDD6F10C,25.2
2C4C2BBA988,25.2
2C4CDC0CAC5,25.2
2C4D2FD2C74,25.2
2C4E1EB8193,25.2
2C4E8772BD7,25.2
2C522396075,25.2
2C53761F83D,25.2
2C55C500309,25.2
2C5797BE125,25.2
2C5E4F4B92F,25.2
2C608C065A2,25.2
2C60D686DE7,25.2
2C6302A98D4,25.2
2C63CB9B125,25.2
2C660A23286,25.2
2C6E3AF0B75,25.2
2C6E3AF9EC6,25.2
2C73C327598,25.2
2C774EF0DE8,25.2
2C78C9D655C,25.2
2C7A6176C2E,25.2
2C7B582A884,25.2
2C7C96473B0,25.2
2C7D5D9B5E0,25.2
2C7F5D7C9DA,25.2
2C840D38E51,25.2
2C859C13744,25.2
2C8847CA3B4,25.2
2C8901CBE62,25.2
2C8A4D2778B,25.2
2C8ABB3A74B,25.2
2C8AC54F8FE,25.2
2C8B4D02D92,25.2
2C8BD70AB7F,25.2
2C8D8F2ABE9,25.2
2C8F4B1BEC0,25.2
2C93E2A469B,25.2
2C956ED070A,25.2
2C95773E7BD,25.2
2C95F24819C,25.2
2C96381BABF,25.2
2C9BAF310B9,25.2
2C9BD1B38B4,25.2
2C9C89C9EBB,25.2
2C9F06DC0AD,25.2
2CA0111F279,25.2
2CA1356CCE7,25.2
2CA25281EBB,25.2
2CA2C6E2112,25.2
2CA2CBD832E,25.2
2CA53D0A80C,25.2
2CA57B4AA4E,25.2
2CA59070FE8,25.2
2CA5A3FD07C,25.2
2CA9E0FECF2,25.2
2CAAE9F8D20,25.2
2CAB3A70CCF,25.2
2CAD0659C5B,25.2
2CADD2F48BA,25.2
2CAE382AFFB,25.2
2CB0C553D77,25.2
2CB33AF7205,25.2
2CB884C48A4,25.2
2CB8ACC307C,25.2
2CB9874DBDA,25.2
2CBAA0DC11E,25.2
2CBE03A3E10,25.2
2CBE94DD70C,25.2
2CBF1643909,25.2
2CC0F0BF5F2,25.2
2CC57922E43,25.2
2CC6ABD2825,25.2
2CC97F26BF0,25.2
2CCA1D63377,25.2
2CD15670939,25.2
2CD393D683F,25.2
2CD61626C64,25.2
2CD6A9A6C15,25.2
2CD6CCB26B3,25.2
2CD746C05EC,25.2
2CD7B42ACA6,25.2
2CD8A2BEA96,25.2
2CDBEB83F54,25.2
2CE1948A75B,25.2
2CE227D4609,25.2
2CE337F134D,25.2
2CE70257697,25.2
2CE797FB946,25.2
2CEB0781200,25.2
2CEEDF5E282,25.2
2CEF382CCEF,25.2
2CF12701928,25.2
2CF9C3BD74B,25.2
2CFA9F18A0E,25.2
2CFAD105456,25.2
2CFF9250D34,25.2
2E6B1F1DFFA,25.2
28E1B113EA6,25.2
28FB63C6553,25.2
2915AD4F974,25.2
28CF4A2D077,25.2
28F3B2CA403,25.2
29039D4D027,25.2
29048E39B6E,25.2
290D33249B7,25.2
290F9BF06C2,25.2
2919CA8BCDE,25.2
29210F9F769,25.2
2927D8D1F5E,25.2
293446B86F1,25.2
29459CC4352,25.2
294D4001753,25.2
295B6FD7E40,25.2
295FAFB85CE,25.2
29E13DB560B,25.2
29F75B0B406,25.2
2A69303CCB9,25.2
2BD2715C44E,25.2
2BD384CCE3A,25.2
2BD7D247D61,25.2
2BD89DD66B0,25.2
2BD8F7E3132,25.2
2BE5D25D9AB,25.2
2BE7430D626,25.2
2BE8A839E45,25.2
2BFBC63B7D5,25.2
2BFEECEBD48,25.2
2C010802074,25.2
2C035E8EAF9,25.2
2C13439B5AF,25.2
2C22D719F00,25.2
2C2F6B41A59,25.2
2C34E98DE7C,25.2
2C37710D314,25.2
2C62A6EE472,25.2
2C6959E3D89,25.2
2C79D9A4137,25.2
2C8782B7CAD,25.2
2C921057611,25.2
2C9E3927628,25.2
2CA37443095,25.2
2CB751EF629,25.2
2CBCBD95513,25.2
2CBD1741E34,25.2
2CCD5C5BE27,25.2
2CD5C13BECD,25.2
2BEE66DFDAD,25.2
2BCF33B29AB,25.2
2BD456C1A86,25.2
2BDA78FE181,25.2
2BE222C43C4,25.2
2C0394F6397,25.2
2C351EC4A8D,25.2
2CD46CEC730,25.2
2C1406B6EF8,25.2
2CF681C94AD,25.2
28D7E1BED7A,25.2
290B5FB5A99,25.2
29459289906,25.2
296212E13B9,25.2
29671A177E8,25.2
296FD2F0A25,25.2
28D23EC2ED4,25.2
28F4771FD2A,25.2
2903054BC23,25.2
29079882323,25.2
290AC51EE77,25.2
29143760F71,25.2
291FB880E02,25.2
2928D802A60,25.2
2929E742F9A,25.2
295E10E1861,25.2
29D3D51F7C9,25.2
29E2BF82E06,25.2
29EB8413EF8,25.2
29F0E6E64ED,25.2
29F750DF7B3,25.2
29FD620BA7D,25.2
2499B9E0C1C,25.2
2A87B2F4CAB,25.2
2A87E1C3B4E,25.2
2BC4687510E,25.2
2BC64534EE6,25.2
2BC6732A69A,25.2
2BC6B385C50,25.2
2BC74C92BD6,25.2
2BC7572CC2E,25.2
2BC871117F4,25.2
2BC8C5E4441,25.2
2BC9640F442,25.2
2BC9701A85E,25.2
2BCA9568170,25.2
2BCB18DA521,25.2
2BCBAC067DD,25.2
2BCBB830E95,25.2
2BCC36ACC63,25.2
2BCC3BCF86A,25.2
2BCCB81E3B0,25.2
2BCD9C35973,25.2
2BCDE5DB7E6,25.2
2BCDEB14338,25.2
2BCE4B46980,25.2
2BCE9185D1B,25.2
2BCEA4FAB81,25.2
2BCEB0C7E2C,25.2
2BD02816834,25.2
2BD0478D39E,25.2
2BD2B0D391A,25.2
2BD3A6F9741,25.2
2BD4B00164C,25.2
2BD5BB530EE,25.2
2BD5F9936F7,25.2
2BD606B4174,25.2
2BD6231281A,25.2
2BD8456D0BE,25.2
2BD84B55A2F,25.2
2BD8F5C9468,25.2
2BD914A6C53,25.2
2BD9BCADFB0,25.2
2BDA43E5CB7,25.2
2BDAEED5244,25.2
2BDB6FE6469,25.2
2BDC2F413AF,25.2
2BDC9F3DDA5,25.2
2BDCBE96D1D,25.2
2BDF25881B2,25.2
2BDF434DD76,25.2
2BDF52413C2,25.2
2BDF5FAB139,25.2
2BDF873349E,25.2
2BE09B50400,25.2
2BE0F059150,25.2
2BE144F14D5,25.2
2BE1A257A6E,25.2
2BE21EC676C,25.2
2BE35B10302,25.2
2BE35BC763A,25.2
2BE38849FB9,25.2
2BE3A36972E,25.2
2BE41AEEA43,25.2
2BE471707FE,25.2
2BE4EABBEAF,25.2
2BE4F551742,25.2
2BE51FFA767,25.2
2BE5704BF61,25.2
2BE573B9036,25.2
2BE60A88C58,25.2
2BE60BA9442,25.2
2BE6EEA1137,25.2
2BE8367C794,25.2
2BEA5B97409,25.2
2BEB2FA82E5,25.2
2BEB44DDA3F,25.2
2BEBD800D71,25.2
2BEC05DEF30,25.2
2BECC359F1F,25.2
2BED413AB36,25.2
2BEE457064D,25.2
2BEE4B8B818,25.2
2BEE978FAC3,25.2
2BF083683B9,25.2
2BF18F51769,25.2
2BF20C289FD,25.2
2BF3432D5D5,25.2
2BF4420C5E1,25.2
2BF6562273C,25.2
2BF711C5C09,25.2
2BF7483B384,25.2
2BF7A27D77B,25.2
2BF80C03D98,25.2
2BF86D85B7B,25.2
2BF9513441A,25.2
2BFB2307788,25.2
2BFBA4FEC96,25.2
2BFC5230C68,25.2
2BFC8FEA594,25.2
2BFD5A784EA,25.2
2BFF8E02822,25.2
2C00FD005DB,25.2
2C0154792B0,25.2
2C01DBBF622,25.2
2C02FFDC66E,25.2
2C03225F230,25.2
2C03B04E963,25.2
2C049801457,25.2
2C04CD71A14,25.2
2C04E19082A,25.2
2C085C81F4B,25.2
2C08FDC5049,25.2
2C0B76AADC0,25.2
2C0C2E41FCA,25.2
2C0DE94842C,25.2
2C0E634EA85,25.2
2C10503E44D,25.2
2C10A056662,25.2
2C10ACEA95A,25.2
2C10B20952A,25.2
2C11542CE69,25.2
2C130FC2016,25.2
2C13FF56438,25.2
2C140644E83,25.2
2C1406C3AF2,25.2
2C142CE0CC9,25.2
2C1531E89B6,25.2
2C1590104F4,25.2
2C15A7851B1,25.2
2C15D35354C,25.2
2C164DAEB7D,25.2
2C167EEAC51,25.2
2C178F926A9,25.2
2C179A4BD64,25.2
2C1900C62AD,25.2
2C1AC58267D,25.2
2C1BB8F2340,25.2
2C1BC5088E5,25.2
2C1C0E30DCC,25.2
2C1CC5EBA37,25.2
2C1D6A3AF54,25.2
2C1DBFC2913,25.2
2C1DEF29C19,25.2
2C1E2A634E4,25.2
2C1EA08842D,25.2
2C209952F7D,25.2
2C20FD9EFD7,25.2
2C2185BE2AA,25.2
2C21A642407,25.2
2C234FA9326,25.2
2C2570F21D9,25.2
2C26DEA574A,25.2
2C299534D11,25.2
2C2B7D9C134,25.2
2C3114856A5,25.2
2C3134D8652,25.2
2C32480FE20,25.2
2C335BB19BC,25.2
2C34562BE84,25.2
2C3462E5DDC,25.2
2C38FB61FEF,25.2
2C3A8947BC7,25.2
2C3B00A9FD0,25.2
2C3B2EBFD03,25.2
2C3B4ADB2E5,25.2
2C3DB755ADF,25.2
2C436AE47F1,25.2
2C45A6A13F8,25.2
2C472DDA72D,25.2
2C4C953E9DF,25.2
2C4CD8B2BE7,25.2
2C4D5AE9182,25.2
2C518EE9BFC,25.2
2C5192ED2FC,25.2
2C527E8F3DD,25.2
2C536445A32,25.2
2C547101ED4,25.2
2C57F28E712,25.2
2C58E455864,25.2
2C59209FFCB,25.2
2C59254F87A,25.2
2C5AD0F281A,25.2
2C5E4B463F7,25.2
2C5FBB4D3A5,25.2
2C639158F02,25.2
2C63BDBD501,25.2
2C64C347E94,25.2
2C6503683F4,25.2
2C685C5DFF7,25.2
2C68F3E9716,25.2
2C6953F2C1C,25.2
2C6A1BCCFD4,25.2
2C6A4483DC7,25.2
2C6AC830679,25.2
2C6B153CFC4,25.2
2C6B41DE451,25.2
2C6B54BD053,25.2
2C6D82DE1DE,25.2
2C7228388FF,25.2
2C72545C400,25.2
2C72F126C6E,25.2
2C736D5B832,25.2
2C73870EB36,25.2
2C73A779FF4,25.2
2C7403CB2F3,25.2
2C76E853189,25.2
2C76EA61175,25.2
2C7999D3895,25.2
2C7B2EBD2AE,25.2
2C7B597FAC7,25.2
2C7B5B9FD8E,25.2
2C7FCA65E5F,25.2
2C81989494B,25.2
2C81A995067,25.2
2C83B04F6EF,25.2
2C8489259FE,25.2
2C848ACC370,25.2
2C851416461,25.2
2C8695741AD,25.2
2C8785C7D3C,25.2
2C89193F0AE,25.2
2C89748C4D2,25.2
2C8AC204BE0,25.2
2C8B4D70A09,25.2
2C8CE2B4ADB,25.2
2C8CF196213,25.2
2C8F723E9E3,25.2
2C91D149230,25.2
2C930652C4C,25.2
2C93B8F4001,25.2
2C9489F2888,25.2
2C94AF3F6C1,25.2
2C95BCF3999,25.2
2C95D3E6505,25.2
2C964BD8575,25.2
2C978574015,25.2
2C97B47754A,25.2
2C98D2124DF,25.2
2C9A213AC77,25.2
2C9A461A200,25.2
2C9C5D504C6,25.2
2C9D5C9DC9E,25.2
2C9F7B56286,25.2
2CA16EEDD2C,25.2
2CA1CEB7289,25.2
2CA2511F529,25.2
2CA5A2F6BDB,25.2
2CA670E5F28,25.2
2CA79D54351,25.2
2CA92524078,25.2
2CA981BD38E,25.2
2CAA7B4CDA8,25.2
2CAADF95192,25.2
2CAC5E2E70F,25.2
2CAF1E7387D,25.2
2CAF532BFAD,25.2
2CB01B53A5D,25.2
2CB1BC01B5E,25.2
2CB219F4C43,25.2
2CB37EE6F61,25.2
2CB68959B3B,25.2
2CB734B8F3E,25.2
2CB7D121BDA,25.2
2CB89DD2B4B,25.2
2CBA35A7121,25.2
2CBA3BE20DD,25.2
2CBA4AAFAC9,25.2
2CBBFFC3EA2,25.2
2CBC4C32CA9,25.2
2CBC633A47D,25.2
2CBCCE505A5,25.2
2CBE447F318,25.2
2CBE9B4EF59,25.2
2CBF0C992B2,25.2
2CBFC56682A,25.2
2CBFC60C015,25.2
2CC091B9FC7,25.2
2CC0C10BED7,25.2
2CC0D83B143,25.2
2CC1B57EF20,25.2
2CC27D73621,25.2
2CC432C904D,25.2
2CC46D30742,25.2
2CC6A905493,25.2
2CC6CF93F51,25.2
2CC7C1183A6,25.2
2CC80B907B6,25.2
2CC9DC722EB,25.2
2CCB20355E0,25.2
2CCBF8589B5,25.2
2CCC2474BD6,25.2
2CCE3DE6F1D,25.2
2CCFCA82A3B,25.2
2CD13890A2C,25.2
2CD3AA81EE9,25.2
2CD52301D0C,25.2
2CD58CBE065,25.2
2CD64395EC9,25.2
2CD657D15EE,25.2
2CD6D081721,25.2
2CD6D2BFD68,25.2
2CD925B43D7,25.2
2CD99EFBE18,25.2
2CDA329AC9E,25.2
2CDBAA9F334,25.2
2CDD9CF5CAA,25.2
2CDEC754E04,25.2
2CDECF2F5E0,25.2
2CE142F6787,25.2
2CE1B83EAFF,25.2
2CE1DFE42C8,25.2
2CE20728A14,25.2
2CE33C2491A,25.2
2CE37B53641,25.2
2CE4ECB9E66,25.2
2CE6A5A38AA,25.2
2CE97AF0FF9,25.2
2CE9CA8DE48,25.2
2CEA92B14FA,25.2
2CEA935F11A,25.2
2CEC08A7F6B,25.2
2CEC0C42D0E,25.2
2CEC11DF631,25.2
2CED632EA54,25.2
2CEE085F307,25.2
2CEE8683770,25.2
2CF04D30A8F,25.2
2CF12139CC4,25.2
2CF1857A7CE,25.2
2CF1FBA374E,25.2
2CF2CE804BB,25.2
2CF36E2D878,25.2
2CF9CD8B075,25.2
2CFA2DFFFF3,25.2
2CFA2E003BA,25.2
2CFA2E00781,25.2
2CFA2E00F0F,25.2
2CFA2E012D6,25.2
2CFE011A996,25.2
2E19F98075D,25.2
2C2E989F1ED,25.2
28D2BAB7EB6,25.2
28D3BEA55EF,25.2
28F0B1A7B8E,25.2
28F1B1AF02B,25.2
28F58535446,25.2
28F74B6959E,25.2
28F9F685BAC,25.2
28FAB836EBC,25.2
28FB7E813A2,25.2
28FFE4A6B66,25.2
29008F23162,25.2
2903E7E11F1,25.2
2904D9BA9E5,25.2
290523FDFD5,25.2
290654D7CCD,25.2
29067A0F349,25.2
290B3B69659,25.2
290B902E790,25.2
290CCAEEE18,25.2
290CDA67E5E,25.2
290E55B9B9F,25.2
290FCB4E677,25.2
291109D4655,25.2
2911F103D15,25.2
291318575A5,25.2
2913CBF298F,25.2
2915C05600E,25.2
29165ACA879,25.2
2919B2882D6,25.2
29263626E69,25.2
292D882F8A2,25.2
293753EBA63,25.2
293DD46E7AA,25.2
293FBF84451,25.2
29401ED3504,25.2
29444E3B536,25.2
2945B807CB6,25.2
2946BD2020D,25.2
294FB5DDA38,25.2
295149F5642,25.2
295BAAACA1E,25.2
295BF308049,25.2
295C3935C5E,25.2
295EC5E4169,25.2
29607602E7B,25.2
2963487C4AD,25.2
2963651D0C2,25.2
296407B35CB,25.2
29653FB65D6,25.2
29668BF3A23,25.2
296B3B7B441,25.2
296B556979B,25.2
296C2C29E17,25.2
296D8930D28,25.2
296F88A97C5,25.2
29705D27F51,25.2
297262141CF,25.2
297710F8D8F,25.2
29775D8C513,25.2
2978A32EFD1,25.2
2979BCD4B0A,25.2
297A4ECDB73,25.2
297C0ED3909,25.2
29CE81B7421,25.2
29CFB2A37BB,25.2
29D27743200,25.2
29DE216AE25,25.2
29DF776EE11,25.2
29F0B7BBCAE,25.2
29F83859450,25.2
29FFB118B6D,25.2
2A05104A550,25.2
2A092905FBC,25.2
2A0B1DD1F98,25.2
2A0EB5A0607,25.2
2A110AB1A5B,25.2
2D73A75A671,25.2
29282BBB175,25.2
2CF51F7996E,25.2
2BE4BC1D2A0,25.2
28E95BDBDC5,25.2
2928C9C3DBF,25.2
2C8353DED8D,25.2
2C070273346,25.2
2C5DD45BB0B,25.2
2BC8C23A8A5,25.2
2C3A061E749,25.2
2BE4745A0D8,25.2
2C6EDF27F48,25.2
2CD6925CB0B,25.2
2CE5ABF1712,25.2
2CE608FA110,25.2
2BD19435347,25.2
2BD20E518EB,25.2
2BD599D1A7A,25.2
2BD7BAC2FC8,25.2
2BE442D41B5,25.2
2BE4E4C0E9C,25.2
2BE6EA9523B,25.2
2C3A75E5F58,25.2
2C70741300B,25.2
2CAA5768B37,25.2
2CB1A30AAE5,25.2
2CBD592CEF5,25.2
2CCB6070617,25.2
2CF15D816D7,25.2
2BC8555361F,25.2
2CAF8CAAA2C,25.2
2CF04590026,25.2
2BCF5084770,25.2
2BDCD548236,25.2
2BFE7BB2620,25.2
2C29BD908F6,25.2
2C8E36A8CA3,25.2
2C9274FFB5C,25.2
2CE4B501B4A,25.2
2CEFFDFEB63,25.2
292B2D8EEB3,25.2
293217950FC,25.2
294E65FA2F8,25.2
296FADE68E9,25.2
29FFAA508D7,25.2
295016D785B,25.2
2ACEEF47054,25.2
2912C4F0274,25.2
2966554EB69,25.2
2A04ADBBCCF,25.2
28DA645262A,25.2
2901BE63870,25.2
29132FF136D,25.2
2922FEFE19A,25.2
2942F282ADD,25.2
29E461802DB,25.2
2A13CCA42C6,25.2
2BCE893DC8F,25.2
2BD9F58FA40,25.2
2C5B2EC6DF1,25.2
2C7D6DC0F63,25.2
2CE1D84DE93,25.2
2BE66ED5F95,25.2
2C7621225F3,25.2
2CA3B3A3333,25.2
2CA549E9C36,25.2
2CC61A32B92,25.2
2D3B8720412,25.2
290C0E3175E,25.2
2953198088A,25.2
29579A97367,25.2
2910EDE257C,25.2
291DE166C9E,25.2
2965333589C,25.2
2CEE5B0FA8E,25.2
2BCD91BF743,25.2
2BECAC01F38,25.2
2BED6B5999C,25.2
2C12FED3F9C,25.2
2C3A9705DC1,25.2
2CB09D388C9,25.2
2CEA624B633,25.2
2CF68604721,25.2
2C022B9A5E2,25.2
2BCF0FDC250,25.2
2BE45F86189,25.2
2C2FD533AEE,25.2
2BC7A7D77FE,25.2
2BD77DEF5BE,25.2
2C67B600360,25.2
2CD67C7A2E6,25.2
2C0A48FC3BC,25.2
2C10C298EB4,25.2
28D6455963C,25.2
2C5500C0CF4,25.2
2CBA3A29C1E,25.2
29435C1FB9A,25.2
29788382364,25.2
290EF8BAFCB,25.2
2A1388E5EA8,25.2
28E7A622201,25.2
29003F90D0E,25.2
2909BE2DEE2,25.2
2917638B2C2,25.2
292A42F4556,25.2
2934363339B,25.2
293A1B14FE8,25.2
29839FB6BE6,25.2
2A038455C8E,25.2
29137B57346,25.2
2BC7A916368,25.2
2BCA6E3CA8A,25.2
2BCA96E68BC,25.2
2BE229A78BF,25.2
2BE5537BFD4,25.2
2BE6C9797D0,25.2
2BE6EAA65FA,25.2
2BED86B9848,25.2
2BF3215BB15,25.2
2BF3F911DC8,25.2
2BF93381A4D,25.2
2C01E59E6D2,25.2
2C0B67931BE,25.2
2C0D8EB08CF,25.2
2C20898C0B1,25.2
2C2F77AB19E,25.2
2C37DA7BF75,25.2
2C3B96A6B00,25.2
2C42B74DF93,25.2
2C53DB0D412,25.2
2C690BB4E1C,25.2
2C6CAA5611C,25.2
2C6FB33A107,25.2
2C735093CDA,25.2
2C904ACD0A2,25.2
2CA08215516,25.2
2CA946E7C5B,25.2
2CB178E9E47,25.2
2CBB042A4D3,25.2
2CBC10FA6C1,25.2
2CBC90E033A,25.2
2CD45ADE65A,25.2
2CDD7E2CD60,25.2
2BC4DCF9CE2,25.2
2BC8351294D,25.2
2BD74CC4C70,25.2
2BDB22AD133,25.2
2C295E41FD1,25.2
2C55489C794,25.2
2C80D62FF73,25.2
2CED814FFB4,25.2
2D00279A19C,25.2
2BC52E3D86A,25.2
2BC962BCF53,25.2
2BD0FA7EF66,25.2
2BD8DD9A71F,25.2
2BF6073DF08,25.2
2C06681777A,25.2
2C07387C12D,25.2
2C13F505E68,25.2
2C385FC620F,25.2
2C3AB69B439,25.2
2C3D5840011,25.2
2C465954E4F,25.2
2C542736F56,25.2
2C5B1800C70,25.2
2C5E9C738A6,25.2
2C72EFA6AB1,25.2
2C772899AD7,25.2
2C970DF21E2,25.2
2CB4DAB553E,25.2
2CB805EDC8F,25.2
2CBC6213696,25.2
2CDBD38989D,25.2
2CE4AEDBBBD,25.2
2CEA7CA44E9,25.2
2CFA9D5798C,25.2
2E2336C7F7F,25.2
28DCD796B2B,25.2
28E78182C21,25.2
290BA069C97,25.2
290DEB75886,25.2
291504CC335,25.2
292A5E17D02,25.2
29390295B08,25.2
29641812533,25.2
29701E5351C,25.2
297C45C3167,25.2
297D9C9A60C,25.2
29E09B3A72E,25.2
29ECB6F068C,25.2
29F87654B5D,25.2
29A7977CBAA,25.2
28DEC208691,25.2
28ED6D5EBD0,25.2
28FCD04B7C4,25.2
2900A1B2BFB,25.2
2907B94E497,25.2
2907C665BC3,25.2
2907D9CB4A2,25.2
29081DC7A31,25.2
290A2498792,25.2
290AD2803F2,25.2
290ECDEA50E,25.2
291272906C7,25.2
2912F57A32A,25.2
2913C92DDF9,25.2
2915D21130B,25.2
29166DCE1BF,25.2
291A95F7EAF,25.2
29203E9A157,25.2
29266DF017D,25.2
292DE442A30,25.2
2934BF16D2E,25.2
294E4D33513,25.2
296635B63D6,25.2
29790D9DE9D,25.2
297D4CCB32A,25.2
29F41CC98C7,25.2
29F81D59705,25.2
2A081243760,25.2
2A8F9771EDA,25.2
2CF568C32F0,25.2
2CB44179D95,25.2
29EAC7384BE,25.2
297C90567DC,25.2
28E91F1FD77,25.2
2BC86E03964,25.2
2CD53741FBD,25.2
2BE5A6A2807,25.2
2C3120D5D84,25.2
2BC4B0A9068,25.2
2BC9231762B,25.2
2BD72BF0E55,25.2
2BDD80E88C5,25.2
2BDE7EFEE13,25.2
2BE94F90FBC,25.2
2C054F4EBD9,25.2
2C389C9A76E,25.2
2C4171F8078,25.2
2C684951EB5,25.2
2C80D877544,25.2
2C84E08A1F9,25.2
2C9ECA76E6F,25.2
2C9F11940BE,25.2
2CA59603E2C,25.2
2CAA739AF80,25.2
29266F7F4FA,25.2
29FB7BB2A0D,25.2
2A07AD99F32,25.2
2BE2E9643D7,25.2
2CBE46E22DC,25.2
2BC9D82492E,25.2
2C6AE855591,25.2
2C7F11DC500,25.2
2CD3588AC99,25.2
2CEFD1F1374,25.2
29149CE828C,25.2
2C63D4CC5B5,25.2
2C34A50552F,25.2
2BD60E42CC9,25.2
2BD8E195DB1,25.2
2BDCBB294BA,25.2
2BE9579982D,25.2
2BF939F7E26,25.2
2BFAE138481,25.2
2C02AE222AC,25.2
2C19B91130D,25.2
2C3959B926C,25.2
2C4A332E737,25.2
2C57E1B1690,25.2
2CC1B91A08A,25.2
2CDE811294E,25.2
2C04AD569A2,25.2
2C417093C75,25.2
2C41B16DE9A,25.2
2CE0FBC17B5,25.2
2CEF8A8C10E,25.2
2CF0D01B60E,25.2
2D82F624BA6,25.2
2C5167DF223,25.2
2C7788C8876,25.2
2C8455FBAF6,25.2
28DCCF28E3F,25.2
28F36358CBC,25.2
28F639AA2E6,25.2
2900E1F9549,25.2
2904E2C03A6,25.2
290BB2B886B,25.2
290F3C84939,25.2
290F98B1E10,25.2
2916BD8BD1B,25.2
29170E67E62,25.2
291E840FFD7,25.2
29203F51FE4,25.2
29206030BC1,25.2
293BA4C88D6,25.2
293E76854EF,25.2
294628EE23E,25.2
2958D7CEAC6,25.2
297EC876F96,25.2
29D7DB099BB,25.2
29E1AD87FA3,25.2
29FA3A17E14,25.2
2A13AE51F7D,25.2
2BC487CB332,25.2
2BFA4472B66,25.2
2BFC189B382,25.2
2BFD4D039B1,25.2
2C057072E40,25.2
2C08F29FF16,25.2
2C0C57B412C,25.2
2C0DA6C477A,25.2
2C2BBCF5DD5,25.2
2C2ED725247,25.2
2C30AEA757A,25.2
2C389250B62,25.2
2C455436A89,25.2
2C5270486CE,25.2
2C55EC07F8E,25.2
2C578D4A882,25.2
2C75709A77A,25.2
2C96454A419,25.2
2C9A448AE83,25.2
2C9A45E268C,25.2
2CBA699FD1D,25.2
2CC1D1EFC68,25.2
2CC2706B0B5,25.2
2CC37F0E600,25.2
2CC4F7B5366,25.2
2CC5DAF39C8,25.2
2CC61D565A6,25.2
2CD4A13DF74,25.2
2CD4D81C7DA,25.2
2CD78E49A41,25.2
2CDCE322A1F,25.2
2CE12596F5A,25.2
2CE191E2C62,25.2
2CE98A907F4,25.2
2CF0EEF206E,25.2
2CF16A5AC92,25.2
2CF9E4B4FC7,25.2
2D7F3886691,25.2
2C17B552FC8,25.2
2C447882F45,25.2
2C975F95376,25.2
2CD09891024,25.2
2A65466951D,25.2
2908719D167,25.2
2C0AFB67DFC,25.2
2CC0E4E4BF8,25.2
29729157E3B,25.2
28D5E360C58,25.2
295CF920444,25.2
2976FEA9666,25.2
2BF7FAECBDC,25.2
2C04638C579,25.2
2C2AC6A7D88,25.2
2C9F2669E45,25.2
2CAEA677967,25.2
2CC364F660F,25.2
2CD9866073B,25.2
24D279F5F06,25.2
28D1E69A7A7,25.2
28D20C72E49,25.2
28D2E4FBE27,25.2
28D337DC47B,25.2
28D4208C0BF,25.2
28D44CC0F7F,25.2
28D480C5FE7,25.2
28D4AFBAAEA,25.2
28D60706991,25.2
28D794C9A24,25.2
28D7A829494,25.2
28D817C64B7,25.2
28D88CF00E8,25.2
28D8D4A44B7,25.2
28D8D769BA2,25.2
28D915FDEA0,25.2
28DA0F42788,25.2
28DA86C950E,25.2
28DC04BF866,25.2
28DC1AD671D,25.2
28DC1F50290,25.2
28DC1F7B998,25.2
28DE530BB3F,25.2
28DE9BBC8D0,25.2
28E05380082,25.2
28E07E8467C,25.2
28E08109630,25.2
28E23784799,25.2
28E2F964E21,25.2
28E3955BE0F,25.2
28E39FCE3CF,25.2
28E3A0B1D2B,25.2
28E3B1821B3,25.2
28E4CE2842D,25.2
28E5265843A,25.2
28E5307C7AD,25.2
28E71E441BA,25.2
28E72A89E9E,25.2
28E73000F28,25.2
28E7AAB4A13,25.2
28E7F0DA1F3,25.2
28E878FBA8C,25.2
28E886E7954,25.2
28E8905A7FE,25.2
28E8A4711DF,25.2
28E9EFA6AE1,25.2
28EA371AB40,25.2
28EA68E73D0,25.2
28EA7D8C36E,25.2
28EAB205A11,25.2
28EACB0B4BC,25.2
28ECFFB5FDE,25.2
28EEFE59F18,25.2
28EF0269E4B,25.2
28EF10EA8CD,25.2
28EF4D9335D,25.2
28F10FF8447,25.2
28F11828EDE,25.2
28F2CF09C50,25.2
28F36866C5B,25.2
28F3697E0F4,25.2
28F531CC6A4,25.2
28F62D28A57,25.2
28F6355F724,25.2
28F8F12A591,25.2
28F92AA84BB,25.2
28FA6C1DFA9,25.2
28FA870F689,25.2
28FACC57743,25.2
28FB1F106C6,25.2
28FB2B27F4E,25.2
28FC3C10C32,25.2
28FE10951B1,25.2
28FFAD714F0,25.2
2900604A052,25.2
2902E7ECF4B,25.2
290325F37E1,25.2
2904901EA18,25.2
29051525460,25.2
290518970C1,25.2
29051DFA7C6,25.2
290524D23AA,25.2
2906C607916,25.2
29077EA794E,25.2
29094207D50,25.2
2909A625587,25.2
2909A8B9334,25.2
2909FF4E6AD,25.2
290A138A560,25.2
290A7FAAF27,25.2
290B8FC43C2,25.2
290B9895AB8,25.2
290BA13AB8A,25.2
290BAD38FE5,25.2
290BAD69A07,25.2
290BECE3499,25.2
290BEE7556A,25.2
290DDF6D585,25.2
290E07376CB,25.2
290E13111A9,25.2
290EE6230FD,25.2
29102DADB80,25.2
29134011D9D,25.2
2913904ECF6,25.2
2913A4A9A7E,25.2
2913C08F6EB,25.2
29141C7F1DF,25.2
2916145D810,25.2
29163C25EE5,25.2
2916AE71B53,25.2
291B4FF3AEE,25.2
292AA697155,25.2
292F136EC64,25.2
292F716B461,25.2
2935C8C69EA,25.2
293745966E9,25.2
2938CB47065,25.2
293B66E65F6,25.2
2940EF33AB9,25.2
294172FDB96,25.2
2945B73DF15,25.2
294EC9ABCF0,25.2
2950EE57644,25.2
295C3476E28,25.2
29613C9D01F,25.2
296149C665F,25.2
296163D03AC,25.2
2963F82463A,25.2
2968E3FF749,25.2
296BE2DC825,25.2
296E243E54B,25.2
296E5A3E76F,25.2
296F80B4512,25.2
296FBFE3600,25.2
2971385D1ED,25.2
2971389E479,25.2
29718D1DF26,25.2
29765B484A0,25.2
297830C4855,25.2
2978AD3538B,25.2
2978B522997,25.2
2979F65CCA1,25.2
297A07C82E0,25.2
297BEA52E37,25.2
297CA3133EE,25.2
297CED65B9E,25.2
297CF4558CC,25.2
29CD47807CA,25.2
29D288948BD,25.2
29DD04EC643,25.2
29F31F200D4,25.2
29FE382E97C,25.2
2A046F257D2,25.2
2A06F5ADD50,25.2
2A108D6838B,25.2
2A1353144A7,25.2
2A135566473,25.2
2A136DA9E24,25.2
2A13715E3BB,25.2
2A503443D29,25.2
2A547B396B7,25.2
2A5FCF872D2,25.2
2A6775811FB,25.2
2A68195DF15,25.2
2A693DE7CBC,25.2
2A69802F9FC,25.2
2A6C30997C4,25.2
2A743D63F6D,25.2
2A784D1AF34,25.2
2A7C5ABD912,25.2
2A7EB69F431,25.2
2A7F92032B7,25.2
2A83BAEBBBF,25.2
2A847A69283,25.2
2A87EE93DB8,25.2
2A9093FEB53,25.2
2AA4892E7D6,25.2
2ABB2112FB1,25.2
2AF8E354EF0,25.2
2B76117ED1A,25.2
2B7A83C8960,25.2
2BC35B86412,25.2
2BC35CF7048,25.2
2BC36329441,25.2
2BC37DB8B88,25.2
2BC37EEA36A,25.2
2BC390CE7A9,25.2
2BC3934A7D3,25.2
2BC3A5BEC40,25.2
2BC3AF75ACA,25.2
2BC3BB1546E,25.2
2BC3BDF1232,25.2
2BC3C6C2928,25.2
2BC3F32E079,25.2
2BC3F9A1AC5,25.2
2BC40E2611D,25.2
2BC40E2BF8C,25.2
2BC41278986,25.2
2BC4145E385,25.2
2BC41B8090D,25.2
2BC4307F40F,25.2
2BC4342313C,25.2
2BC43A6D2B8,25.2
2BC43CD1198,25.2
2BC43CE3C01,25.2
2BC44193C3E,25.2
2BC4420CA3E,25.2
2BC446F45EF,25.2
2BC447152FC,25.2
2BC449B5CA3,25.2
2BC452992AD,25.2
2BC45375E7E,25.2
2BC453BD340,25.2
2BC454513A5,25.2
2BC454B113F,25.2
2BC45831B99,25.2
2BC459E67AF,25.2
2BC45B35F4A,25.2
2BC45C9D468,25.2
2BC46043394,25.2
2BC463CBE5C,25.2
2BC46EB4C56,25.2
2BC47B346AD,25.2
2BC47F863C1,25.2
2BC47FC7DDB,25.2
2BC4A18046E,25.2
2BC4ACD2353,25.2
2BC4ACEFB7E,25.2
2BC4AEB9F51,25.2
2BC4B497739,25.2
2BC4B789448,25.2
2BC4CD4019E,25.2
2BC4CFA2D9B,25.2
2BC4D122403,25.2
2BC4DD5787D,25.2
2BC4E84831E,25.2
2BC4EA26F92,25.2
2BC4ED42938,25.2
2BC4EE436F8,25.2
2BC4EF42E0E,25.2
2BC4F2590D3,25.2
2BC4F2768FE,25.2
2BC4F2B2870,25.2
2BC4F6B66FE,25.2
2BC4F958B16,25.2
2BC4FB351C4,25.2
2BC4FCEE1D8,25.2
2BC4FDF8A77,25.2
2BC50267FB6,25.2
2BC504F0FA1,25.2
2BC50B05B6F,25.2
2BC510D3642,25.2
2BC526300A6,25.2
2BC54133A61,25.2
2BC5558C9B1,25.2
2BC55642A06,25.2
2BC557B94AB,25.2
2BC55F35597,25.2
2BC56F22FDF,25.2
2BC57215843,25.2
2BC5727196D,25.2
2BC57BFA762,25.2
2BC57D56730,25.2
2BC580E6E9F,25.2
2BC5865792C,25.2
2BC58BDD7AF,25.2
2BC58C891D0,25.2
2BC58D1063B,25.2
2BC58D66CBD,25.2
2BC58F5B0EE,25.2
2BC59127E4E,25.2
2BC5937F134,25.2
2BC595BE2D0,25.2
2BC59830FA9,25.2
2BC5983B216,25.2
2BC5A1CC807,25.2
2BC5AA2E815,25.2
2BC5B248445,25.2
2BC5B81C8DC,25.2
2BC5B833743,25.2
2BC5BCF6D3E,25.2
2BC5BD06A53,25.2
2BC5BF976E5,25.2
2BC5C6ED3E3,25.2
2BC5C87E95F,25.2
2BC5C970926,25.2
2BC5F85F981,25.2
2BC602D6E94,25.2
2BC6067F74D,25.2
2BC60B80EB9,25.2
2BC60D11152,25.2
2BC60E1DBF0,25.2
2BC60F4B39B,25.2
2BC621B779A,25.2
2BC6243F869,25.2
2BC62501963,25.2
2BC62CD75B3,25.2
2BC62DA2270,25.2
2BC63112827,25.2
2BC633A8045,25.2
2BC646ECC17,25.2
2BC6519CF81,25.2
2BC6567E16E,25.2
2BC65A15DF6,25.2
2BC65FF944D,25.2
2BC6622E37C,25.2
2BC6648CB7B,25.2
2BC66951092,25.2
2BC6695493B,25.2
2BC66B7D3FE,25.2
2BC675D5A3C,25.2
2BC68CF7559,25.2
2BC68D7A5C6,25.2
2BC69FCB760,25.2
2BC6A0E2832,25.2
2BC6A32563E,25.2
2BC6A4AD4A2,25.2
2BC6AA1756B,25.2
2BC6AA8F816,25.2
2BC6AA97C4B,25.2
2BC6C460345,25.2
2BC6C683EB5,25.2
2BC6CB8433E,25.2
2BC6D9D4EF3,25.2
2BC6E1B6FAF,25.2
2BC6E4B9528,25.2
2BC6EE8B9DE,25.2
2BC6EF8AD2D,25.2
2BC6F01B4E9,25.2
2BC6FBB3D3B,25.2
2BC6FF4B9C3,25.2
2BC74D5CD3E,25.2
2BC75410733,25.2
2BC75E2AC00,25.2
2BC75E7ECBC,25.2
2BC76710409,25.2
2BC76BFA580,25.2
2BC76C61833,25.2
2BC76F2DCA9,25.2
2BC7753ABD0,25.2
2BC785258C4,25.2
2BC786F80CC,25.2
2BC789C81B2,25.2
2BC78B6BDD0,25.2
2BC78C8949F,25.2
2BC792E7367,25.2
2BC7970553E,25.2
2BC7979CE4C,25.2
2BC79E870D2,25.2
2BC7A0FA539,25.2
2BC7A4679D5,25.2
2BC7AA693AC,25.2
2BC7AA6EE54,25.2
2BC7AC44B3E,25.2
2BC7B687231,25.2
2BC7B746D65,25.2
2BC7B870112,25.2
2BC7BE02B8F,25.2
2BC7C1D4951,25.2
2BC7D143AF1,25.2
2BC7D2FC377,25.2
2BC7D8C036B,25.2
2BC7DBC3439,25.2
2BC7DBFFF00,25.2
2BC7E793F8D,25.2
2BC7EF7ABD5,25.2
2BC7F83FE5F,25.2
2BC7FB06BF4,25.2
2BC7FBE431A,25.2
2BC801F3F95,25.2
2BC81260285,25.2
2BC8157A581,25.2
2BC838559C4,25.2
2BC838722D3,25.2
2BC83C78EB5,25.2
2BC853E4FAF,25.2
2BC854CBA26,25.2
2BC85C4CE2C,25.2
2BC88CB83D4,25.2
2BC89B19F81,25.2
2BC8A338B04,25.2
2BC8A34441B,25.2
2BC8B4D9E7F,25.2
2BC8B73B799,25.2
2BC8B83AEAF,25.2
2BC8BE14660,25.2
2BC8C014B36,25.2
2BC8C0DAC67,25.2
2BC8C155C66,25.2
2BC8C4431B0,25.2
2BC8D04F121,25.2
2BC8DB12A49,25.2
2BC8E11BD00,25.2
2BC8E831E1C,25.2
2BC8E9F014A,25.2
2BC8E9FD4D2,25.2
2BC8EE0DF5A,25.2
2BC8EEE90BA,25.2
2BC8FC218BA,25.2
2BC8FD1CBD2,25.2
2BC9207F0B9,25.2
2BC92EB207C,25.2
2BC92F460E1,25.2
2BC939DF9AB,25.2
2BC943CF2C5,25.2
2BC957F15BD,25.2
2BC95BFEB63,25.2
2BC97DFF99B,25.2
2BC994E737E,25.2
2BC99924BB8,25.2
2BC9A616684,25.2
2BC9CFEEB7D,25.2
2BC9D01B568,25.2
2BC9D3E2568,25.2
2BC9D43C493,25.2
2BC9DAAFB18,25.2
2BC9E2792FC,25.2
2BC9EAA11D0,25.2
2BC9EC8AFCD,25.2
2BC9FB64A5E,25.2
2BC9FED9F68,25.2
2BC9FFA0099,25.2
2BCA07FAF55,25.2
2BCA09AA48A,25.2
2BCA1693393,25.2
2BCA194496B,25.2
2BCA2868DA0,25.2
2BCA29460FF,25.2
2BCA2D0948F,25.2
2BCA2DE2029,25.2
2BCA33084D9,25.2
2BCA3447B98,25.2
2BCA371EA09,25.2
2BCA4158172,25.2
2BCA4290E6D,25.2
2BCA44D4B95,25.2
2BCA45FFD7A,25.2
2BCA4C97D7C,25.2
2BCA4D40E10,25.2
2BCA5C01C02,25.2
2BCA682D59D,25.2
2BCA689AE4D,25.2
2BCA6F2ADE1,25.2
2BCA7337BF9,25.2
2BCA757F958,25.2
2BCA768E9BC,25.2
2BCA790EA1D,25.2
2BCA7D50DE3,25.2
2BCA806E988,25.2
2BCA9E32ADB,25.2
2BCAB1125F9,25.2
2BCAB6C33F6,25.2
2BCABA7E718,25.2
2BCABB8F5B4,25.2
2BCABE26843,25.2
2BCAC1FEFC9,25.2
2BCAC710BD8,25.2
2BCAC82CBFD,25.2
2BCAD0DDD74,25.2
2BCADBF043E,25.2
2BCADEC1807,25.2
2BCAEB10475,25.2
2BCAFFCA442,25.2
2BCB0C6368D,25.2
2BCB0D93B8C,25.2
2BCB17D4447,25.2
2BCB25C0E64,25.2
2BCB32E426E,25.2
2BCB35ED1AB,25.2
2BCB3BE2EA4,25.2
2BCB4214ED6,25.2
2BCB47AEE6C,25.2
2BCB4AFB234,25.2
2BCB534FAF3,25.2
2BCB65588AF,25.2
2BCB6602FED,25.2
2BCB6BD564C,25.2
2BCB7EFC9F3,25.2
2BCB8192D66,25.2
2BCB9116F35,25.2
2BCB92E1A96,25.2
2BCBA1E5D13,25.2
2BCBACE3F03,25.2
2BCBB64250C,25.2
2BCBB69E636,25.2
2BCBC335682,25.2
2BCBC4710D1,25.2
2BCBD01FC35,25.2
2BCBD1A1C2A,25.2
2BCBD40F9B0,25.2
2BCBE12D312,25.2
2BCBE3E1277,25.2
2BCBE5FF33F,25.2
2BCBF4FC46A,25.2
2BCBF68B7E7,25.2
2BCBFF08A5A,25.2
2BCC0253778,25.2
2BCC143CB0A,25.2
2BCC1AA175D,25.2
2BCC21F37EB,25.2
2BCC23AD71B,25.2
2BCC34B03FD,25.2
2BCC36D6CC1,25.2
2BCC5985719,25.2
2BCC5CE1BBD,25.2
2BCC5E2E604,25.2
2BCC65DB112,25.2
2BCC7E4435C,25.2
2BCC8D63FCC,25.2
2BCC8E2CE51,25.2
2BCC8F3CA0A,25.2
2BCCACEDD2D,25.2
2BCCB3305C9,25.2
2BCCB5B6499,25.2
2BCCBB4FCA1,25.2
2BCCC089348,25.2
2BCCC3601B9,25.2
2BCCC6DFCF7,25.2
2BCCC896745,25.2
2BCCCE777D6,25.2
2BCCD0CE32E,25.2
2BCCE077608,25.2
2BCCE9866E1,25.2
2BCCF07AF9B,25.2
2BCCF2C52C0,25.2
2BCCF705C15,25.2
2BCCF83BBBC,25.2
2BCD0225A2E,25.2
2BCD0A265F8,25.2
2BCD0D32650,25.2
2BCD0EB647D,25.2
2BCD0EF6F7B,25.2
2BCD18D094A,25.2
2BCD19E2E90,25.2
2BCD1A420D5,25.2
2BCD3070948,25.2
2BCD37307A9,25.2
2BCD378C8D3,25.2
2BCD3BD2909,25.2
2BCD3D3749A,25.2
2BCD3DA32D9,25.2
2BCD3F61D95,25.2
2BCD40F49BB,25.2
2BCD4FB00CC,25.2
2BCD51DD71B,25.2
2BCD5219E1B,25.2
2BCD5535033,25.2
2BCD5D0D249,25.2
2BCD6CCC46E,25.2
2BCD6F9411F,25.2
2BCD7B59AEA,25.2
2BCD80CD692,25.2
2BCD8424455,25.2
2BCD8B11BBD,25.2
2BCD994C099,25.2
2BCD9B0FAA8,25.2
2BCD9FE629A,25.2
2BCDA806100,25.2
2BCDB101C1B,25.2
2BCDB9445C6,25.2
2BCDBDDD00E,25.2
2BCDC15966A,25.2
2BCDC7C852A,25.2
2BCDCB96A43,25.2
2BCDCD2306C,25.2
2BCDDCF0CC3,25.2
2BCDDDD4DAD,25.2
2BCDDE7DA7A,25.2
2BCDDEA05BF,25.2
2BCDE3BA603,25.2
2BCDE723A68,25.2
2BCDF801A06,25.2
2BCDFDBA871,25.2
2BCE017F672,25.2
2BCE1001F2C,25.2
2BCE1181D22,25.2
2BCE16E8542,25.2
2BCE1DDCDFC,25.2
2BCE1E6F029,25.2
2BCE23A33B6,25.2
2BCE281CF29,25.2
2BCE3BA8FBD,25.2
2BCE3E28890,25.2
2BCE3E8422C,25.2
2BCE45ABACE,25.2
2BCE492FA0A,25.2
2BCE5372C52,25.2
2BCE61632DF,25.2
2BCE6454499,25.2
2BCE6D3E0A0,25.2
2BCE7336AED,25.2
2BCE7410D31,25.2
2BCE741CA0F,25.2
2BCE78EC0AF,25.2
2BCE8D3F190,25.2
2BCE97F1E87,25.2
2BCE9BA89E4,25.2
2BCEB67C899,25.2
2BCEB76189F,25.2
2BCEBD6DC71,25.2
2BCECC3A741,25.2
2BCED26F88E,25.2
2BCED32FB50,25.2
2BCEE7965B6,25.2
2BCEF1B15D8,25.2
2BCEF676A0B,25.2
2BCEF889D11,25.2
2BCEF99F739,25.2
2BCEFB902C1,25.2
2BCEFE6C085,25.2
2BCEFE98E37,25.2
2BCF01E8E6F,25.2
2BCF05C37F4,25.2
2BCF0B43808,25.2
2BCF0F2AD87,25.2
2BCF1123D44,25.2
2BCF1168879,25.2
2BCF18B6509,25.2
2BCF18CDAFE,25.2
2BCF1CB8198,25.2
2BCF217E4E7,25.2
2BCF27F44F9,25.2
2BCF3738EAD,25.2
2BCF4417782,25.2
2BCF486FE5A,25.2
2BCF55CEE0F,25.2
2BCF55E4993,25.2
2BCF5ED5AB3,25.2
2BCF60C38E7,25.2
2BCF6A84250,25.2
2BCF6E64A44,25.2
2BCF72895DF,25.2
2BCF7D4A1B3,25.2
2BCF7F6DD23,25.2
2BCF80BAEF8,25.2
2BCF8406B32,25.2
2BCF8EF500D,25.2
2BCF9E597B2,25.2
2BCFA1538F6,25.2
2BCFA2EA18C,25.2
2BCFC371F59,25.2
2BCFD4F311C,25.2
2BCFF1E4CD2,25.2
2BCFF2C8267,25.2
2BD00A44BCB,25.2
2BD01059B60,25.2
2BD010AEEFF,25.2
2BD01B3BBCF,25.2
2BD029ABDE7,25.2
2BD02C5974F,25.2
2BD02F1AE03,25.2
2BD043AF8FE,25.2
2BD048CF023,25.2
2BD054F8F4D,25.2
2BD0572CF60,25.2
2BD0590E928,25.2
2BD059A8435,25.2
2BD05BF6003,25.2
2BD06926007,25.2
2BD06B3129F,25.2
2BD071FB36D,25.2
2BD0732B86C,25.2
2BD07630B39,25.2
2BD07D1C830,25.2
2BD0807BDEF,25.2
2BD08EFFD53,25.2
2BD0944C22A,25.2
2BD09ED1253,25.2
2BD0A22B8BF,25.2
2BD0A235EF3,25.2
2BD0A6C925A,25.2
2BD0ABAA447,25.2
2BD0B0B5A59,25.2
2BD0B161FCF,25.2
2BD0B583688,25.2
2BD0BA7DCA2,25.2
2BD0BC94851,25.2
2BD0BD924F6,25.2
2BD0C2E2A04,25.2
2BD0C7EB689,25.2
2BD0CCD1B90,25.2
2BD0DBDDE7B,25.2
2BD0E4FE6DA,25.2
2BD0E9626C9,25.2
2BD0E97FB2D,25.2
2BD102A3591,25.2
2BD102FE79F,25.2
2BD105F88E3,25.2
2BD10BC9C5F,25.2
2BD10F41368,25.2
2BD1107E09A,25.2
2BD11317528,25.2
2BD114C265F,25.2
2BD1177E26B,25.2
2BD12472A8B,25.2
2BD12C18BD5,25.2
2BD12CF88C1,25.2
2BD1347EC1A,25.2
2BD1358E40C,25.2
2BD13CF7301,25.2
2BD1409DD82,25.2
2BD1426A71B,25.2
2BD1478D6E9,25.2
2BD148AB90D,25.2
2BD15832FBE,25.2
2BD15DDC4DB,25.2
2BD171C4699,25.2
2BD17DFDF11,25.2
2BD18E7C115,25.2
2BD19AC166B,25.2
2BD1A76E9C9,25.2
2BD1ADD6AFE,25.2
2BD1AF1474C,25.2
2BD1C08986A,25.2
2BD1CD36073,25.2
2BD1D300DF2,25.2
2BD1DD1C1DB,25.2
2BD1E3ADBE0,25.2
2BD1E5CB8E1,25.2
2BD1EBAEF38,25.2
2BD1EC97F75,25.2
2BD1ECB44BD,25.2
2BD1EDD1F53,25.2
2BD1F35E79A,25.2
2BD1F50B709,25.2
2BD1F9EFDD8,25.2
2BD1FDDBB1C,25.2
2BD1FF921A3,25.2
2BD20AF360F,25.2
2BD20F6A067,25.2
2BD21A81A4B,25.2
2BD21BCDD04,25.2
2BD22174894,25.2
2BD2264D285,25.2
2BD230EA7BF,25.2
2BD23D1B83B,25.2
2BD23D4E45C,25.2
2BD23F4ECF9,25.2
2BD2442BAE8,25.2
2BD2444294F,25.2
2BD24A547C9,25.2
2BD25180BF7,25.2
2BD253FD776,25.2
2BD25798152,25.2
2BD2580BFFF,25.2
2BD25DEC902,25.2
2BD25EC7E29,25.2
2BD265071E3,25.2
2BD266D68D0,25.2
2BD26B5DB92,25.2
2BD26F82EBB,25.2
2BD2701BE73,25.2
2BD27644B54,25.2
2BD279934E2,25.2
2BD27C04B11,25.2
2BD27D3BD9B,25.2
2BD290482A4,25.2
2BD2A295F5C,25.2
2BD2A6222CD,25.2
2BD2AA1FB5E,25.2
2BD2AB63DA9,25.2
2BD2AEF90A4,25.2
2BD2B16082D,25.2
2BD2B1A407F,25.2
2BD2B5FD673,25.2
2BD2B85AF56,25.2
2BD2BAF4B72,25.2
2BD2C243EAC,25.2
2BD2C6EBAB4,25.2
2BD2CEB1628,25.2
2BD2CFE047D,25.2
2BD2D00BB85,25.2
2BD2D2B8998,25.2
2BD2D39D5D7,25.2
2BD2D80B0A5,25.2
2BD2E1C504A,25.2
2BD2E702361,25.2
2BD2E80A63A,25.2
2BD2EE750FC,25.2
2BD2F3ED0A2,25.2
2BD309AD149,25.2
2BD3245E880,25.2
2BD32B6DC11,25.2
2BD33391320,25.2
2BD33A366AA,25.2
2BD3566B480,25.2
2BD35A0C820,25.2
2BD35CE5890,25.2
2BD35E3DFB5,25.2
2BD372893EF,25.2
2BD37D1B012,25.2
2BD386AD51F,25.2
2BD38BD8194,25.2
2BD38EE7A95,25.2
2BD3956EA9F,25.2
2BD396AB7D1,25.2
2BD39B64798,25.2
2BD39B784E4,25.2
2BD39C30EC6,25.2
2BD39DDFC6D,25.2
2BD3A16A56D,25.2
2BD3A18399A,25.2
2BD3A2D4051,25.2
2BD3A72F844,25.2
2BD3AC65642,25.2
2BD3B7B1E46,25.2
2BD3BDE9192,25.2
2BD3CBA5CE2,25.2
2BD3D5178A9,25.2
2BD3E7A23EF,25.2
2BD415889E3,25.2
2BD417925D1,25.2
2BD425D6D1A,25.2
2BD42E47B21,25.2
2BD435FCE2B,25.2
2BD4372A5D6,25.2
2BD44E8D746,25.2
2BD44F1BD03,25.2
2BD450B34B5,25.2
2BD450D50DE,25.2
2BD4546F32C,25.2
2BD456917F2,25.2
2BD463B84A5,25.2
2BD468EE2A3,25.2
2BD477AA142,25.2
2BD47C18765,25.2
2BD482E60DC,25.2
2BD4831948B,25.2
2BD48827F7F,25.2
2BD48C41991,25.2
2BD498C4C91,25.2
2BD49B44564,25.2
2BD4B48322D,25.2
2BD4B776D74,25.2
2BD4C79F812,25.2
2BD4C91BD5F,25.2
2BD4DBE3733,25.2
2BD4DECA680,25.2
2BD4E6DD8EC,25.2
2BD4EB32EA9,25.2
2BD4EF26894,25.2
2BD4F20EAC4,25.2
2BD4F32A35B,25.2
2BD4F938565,25.2
2BD500F1118,25.2
2BD50239761,25.2
2BD509415D9,25.2
2BD50A8E3E7,25.2
2BD510E2F5E,25.2
2BD519A63B0,25.2
2BD51F3C30F,25.2
2BD5223F016,25.2
2BD525C3E6E,25.2
2BD530E2D6B,25.2
2BD5348905E,25.2
2BD536A1A45,25.2
2BD53B4616B,25.2
2BD53C049BC,25.2
2BD53C4184A,25.2
2BD5466F2D5,25.2
2BD55009850,25.2
2BD55B95C36,25.2
2BD56013BA7,25.2
2BD56158580,25.2
2BD56206CF5,25.2
2BD56232F52,25.2
2BD564C6938,25.2
2BD576DD998,25.2
2BD582CF5C0,25.2
2BD584D6BE8,25.2
2BD597C54FF,25.2
2BD59A2DF6B,25.2
2BD59EDBDA9,25.2
2BD5A684C47,25.2
2BD5B2E1B59,25.2
2BD5B4C1322,25.2
2BD5B4CAE01,25.2
2BD5B7695A9,25.2
2BD5BA09034,25.2
2BD5BAE2723,25.2
2BD5BCB4F2B,25.2
2BD5BF33CA9,25.2
2BD5C069C50,25.2
2BD5C5EB6D5,25.2
2BD5C708616,25.2
2BD5D25BBA5,25.2
2BD5D6D131A,25.2
2BD5DF851E5,25.2
2BD5E0A4E7A,25.2
2BD5E5FC113,25.2
2BD5E721850,25.2
2BD5F088655,25.2
2BD5F7374BE,25.2
2BD5FA7E933,25.2
2BD603DF502,25.2
2BD607A4A91,25.2
2BD611697F8,25.2
2BD628A4742,25.2
2BD62A89225,25.2
2BD633841EB,25.2
2BD634D0FF9,25.2
2BD6449C68A,25.2
2BD649B6307,25.2
2BD64A3BD01,25.2
2BD64F410DD,25.2
2BD650D6A57,25.2
2BD65407F81,25.2
2BD66756DC0,25.2
2BD67C12BC5,25.2
2BD682C4B49,25.2
2BD6836FA15,25.2
2BD68781B47,25.2
2BD68787D7D,25.2
2BD68C8A7CC,25.2
2BD6903839F,25.2
2BD6910A1AE,25.2
2BD6AA29814,25.2
2BD6AE17757,25.2
2BD6B00B033,25.2
2BD6B44758A,25.2
2BD6B67CC47,25.2
2BD6BD8DE10,25.2
2BD6CDAEC07,25.2
2BD6CF949CD,25.2
2BD6D09B9C3,25.2
2BD6E015CEC,25.2
2BD6E164CF9,25.2
2BD6EF44EE3,25.2
2BD6F178EF6,25.2
2BD6F41E7F0,25.2
2BD6F50342F,25.2
2BD6FECFA76,25.2
2BD70032F5D,25.2
2BD7038775A,25.2
2BD71057236,25.2
2BD715AEC5D,25.2
2BD71DFD6AD,25.2
2BD71EACD3E,25.2
2BD72A1C087,25.2
2BD72A2E729,25.2
2BD72DED6BB,25.2
2BD73C23799,25.2
2BD74122D06,25.2
2BD745DA25C,25.2
2BD74F59939,25.2
2BD752BF12E,25.2
2BD7558D3DC,25.2
2BD77540646,25.2
2BD782F187F,25.2
2BD78B8FF8D,25.2
2BD78DDAE07,25.2
2BD78E0A546,25.2
2BD7989F284,25.2
2BD798F9D04,25.2
2BD79953868,25.2
2BD79BD29AD,25.2
2BD7A162E64,25.2
2BD7B4BC2D7,25.2
2BD7B567931,25.2
2BD7C43BCE1,25.2
2BD7C5AC189,25.2
2BD7C9A4E8E,25.2
2BD7CA85E5D,25.2
2BD7CB22A85,25.2
2BD7CE4BB7A,25.2
2BD7CE87EB3,25.2
2BD7DC65349,25.2
2BD7EE7653A,25.2
2BD7F13C77A,25.2
2BD7F64F2A5,25.2
2BD81062AD1,25.2
2BD8192EAE6,25.2
2BD8281CE18,25.2
2BD82CBDC95,25.2
2BD831BFB8F,25.2
2BD831CB0DF,25.2
2BD832D4A62,25.2
2BD83597B87,25.2
2BD83E04D1E,25.2
2BD85D50547,25.2
2BD8611D3B6,25.2
2BD868E860B,25.2
2BD86AB4FA4,25.2
2BD86D84CC3,25.2
2BD876990B6,25.2
2BD8779075E,25.2
2BD877B494D,25.2
2BD8830774E,25.2
2BD88610E19,25.2
2BD8864E06E,25.2
2BD893565DA,25.2
2BD8952BEFD,25.2
2BD8962C8F6,25.2
2BD89645595,25.2
2BD8A18EC7E,25.2
2BD8A75A552,25.2
2BD8AC9A984,25.2
2BD8B307645,25.2
2BD8B45041C,25.2
2BD8B48963A,25.2
2BD8B4EE6EE,25.2
2BD8B66CA73,25.2
2BD8BDFC4E4,25.2
2BD8C28E568,25.2
2BD8C9F0E60,25.2
2BD8D3AB593,25.2
2BD8D4D2B08,25.2
2BD8D7C4089,25.2
2BD8D8DC805,25.2
2BD8DADC54D,25.2
2BD8F39E3DF,25.2
2BD8FA112D6,25.2
2BD90679AFF,25.2
2BD90904CE9,25.2
2BD90CDC553,25.2
2BD911729D5,25.2
2BD914CD041,25.2
2BD91F4BA6D,25.2
2BD92232D81,25.2
2BD9231EB12,25.2
2BD92672B81,25.2
2BD926D4753,25.2
2BD92A0AF97,25.2
2BD92CA47EC,25.2
2BD93307240,25.2
2BD93900054,25.2
2BD93A86BD5,25.2
2BD94C9671C,25.2
2BD9527D61C,25.2
2BD9608749D,25.2
2BD9657CB64,25.2
2BD969E21FD,25.2
2BD96D118EF,25.2
2BD972F389C,25.2
2BD988964DF,25.2
2BD98B79F4A,25.2
2BD98E7FD6C,25.2
2BD995EC50A,25.2
2BD9A0E0C1B,25.2
2BD9A4524B5,25.2
2BD9C2B909F,25.2
2BD9CB20B55,25.2
2BD9CD820A8,25.2
2BD9DA1C5D6,25.2
2BD9DA3A58F,25.2
2BD9DA55066,25.2
2BD9DC63F6E,25.2
2BD9E18821F,25.2
2BD9E2B4320,25.2
2BD9E800069,25.2
2BD9EBE13B2,25.2
2BD9F6DCC15,25.2
2BD9F8598F0,25.2
2BDA047373E,25.2
2BDA1336EBD,25.2
2BDA2EF893B,25.2
2BDA3829A04,25.2
2BDA3917206,25.2
2BDA3B462C6,25.2
2BDA3B66C0C,25.2
2BDA3CA1ECD,25.2
2BDA46FE17B,25.2
2BDA4774227,25.2
2BDA66640B4,25.2
2BDA723AE3E,25.2
2BDA812D1A7,25.2
2BDA8270C64,25.2
2BDA9EB29FB,25.2
2BDAB10A559,25.2
2BDAB4B2684,25.2
2BDAC93434F,25.2
2BDAD2CB7AF,25.2
2BDAD89F4B8,25.2
2BDB009E057,25.2
2BDB04A00AD,25.2
2BDB11F2FBD,25.2
2BDB12E29BE,25.2
2BDB1DEBD37,25.2
2BDB2582CC1,25.2
2BDB293761F,25.2
2BDB34EE97F,25.2
2BDB35E0946,25.2
2BDB3ACB9D9,25.2
2BDB479A1D2,25.2
2BDB4C267AE,25.2
2BDB516D5A4,25.2
2BDB547E188,25.2
2BDB60DF85F,25.2
2BDB6E99A22,25.2
2BDB7B1A395,25.2
2BDB7F4C2B8,25.2
2BDB8173E5F,25.2
2BDB98DCE3E,25.2
2BDBA0EE639,25.2
2BDBA0F2A37,25.2
2BDBAE2BD8C,25.2
2BDBB514968,25.2
2BDBBC5251C,25.2
2BDBBCCEBC5,25.2
2BDBC0E32BD,25.2
2BDBD6D854B,25.2
2BDBD9AEFF5,25.2
2BDBE509A9D,25.2
2BDBEC3353E,25.2
2BDBF286DD2,25.2
2BDC36B48D8,25.2
2BDC3FCC93B,25.2
2BDC48C07AF,25.2
2BDC4B5EB90,25.2
2BDC4CF4C98,25.2
2BDC5CF89F2,25.2
2BDC62EAE42,25.2
2BDC6EB5760,25.2
2BDC7145C64,25.2
2BDC74B8053,25.2
2BDC7555042,25.2
2BDC75D9EE7,25.2
2BDC76015B8,25.2
2BDC8703745,25.2
2BDC9EE8DCD,25.2
2BDCB5BD5B9,25.2
2BDCC06ABCF,25.2
2BDCD718C06,25.2
2BDCD87132B,25.2
2BDCD9FF78C,25.2
2BDCDA7B6A7,25.2
2BDCDB417D8,25.2
2BDCE048625,25.2
2BDCE146A58,25.2
2BDCF16876B,25.2
2BDCFA63731,25.2
2BDCFED0A71,25.2
2BDD02E6085,25.2
2BDD0696D73,25.2
2BDD203CCEF,25.2
2BDD209061D,25.2
2BDD2963784,25.2
2BDD485232E,25.2
2BDD5EA771D,25.2
2BDD6DBEB91,25.2
2BDD718631F,25.2
2BDD71D2AFB,25.2
2BDD724F56B,25.2
2BDD7C97706,25.2
2BDD7DA41A4,25.2
2BDD8058109,25.2
2BDD870B737,25.2
2BDD8BB425B,25.2
2BDD8C4F04B,25.2
2BDDAD35141,25.2
2BDDADB233F,25.2
2BDDAEF19FE,25.2
2BDDB13D3CD,25.2
2BDDB2324AF,25.2
2BDDC0153ED,25.2
2BDDC1B0BD6,25.2
2BDDC207258,25.2
2BDDC2B06B3,25.2
2BDDC420B5B,25.2
2BDDC6D59DC,25.2
2BDDC7B78C7,25.2
2BDDC94339B,25.2
2BDDCDB9665,25.2
2BDDD2B4B9B,25.2
2BDDD3AD526,25.2
2BDDD59915B,25.2
2BDDD7708B6,25.2
2BDDD7B53EB,25.2
2BDDD7D6886,25.2
2BDDD85C280,25.2
2BDDDB651BD,25.2
2BDDDC758CB,25.2
2BDDDCE9B3F,25.2
2BDDDE3474E,25.2
2BDDDE5E7AC,25.2
2BDDF2E84E5,25.2
2BDDF2F5FFB,25.2
2BDDF5D61BD,25.2
2BDDF8C4623,25.2
2BDDF9AB828,25.2
2BDDFA0BD50,25.2
2BDDFA9D061,25.2
2BDE0145C94,25.2
2BDE02CD36A,25.2
2BDE081BE07,25.2
2BDE091B8E4,25.2
2BDE09E4EF7,25.2
2BDE0B828DF,25.2
2BDE0CC1449,25.2
2BDE3049957,25.2
2BDE34C1A59,25.2
2BDE412A282,25.2
2BDE4607438,25.2
2BDE49801EB,25.2
2BDE4B83415,25.2
2BDE4C9D9C9,25.2
2BDE659247C,25.2
2BDE6751A8D,25.2
2BDE76DBE92,25.2
2BDE79DAF29,25.2
2BDE8711CB8,25.2
2BDE956D268,25.2
2BDEB4DB99D,25.2
2BDEB85DE68,25.2
2BDEBD70D5A,25.2
2BDEBE894D6,25.2
2BDEC67F2DE,25.2
2BDEC752B5E,25.2
2BDEC7BF4F2,25.2
2BDECB68539,25.2
2BDECD42DAF,25.2
2BDED57787D,25.2
2BDED59A3C2,25.2
2BDED6925BF,25.2
2BDEE4BC231,25.2
2BDEF7E48BB,25.2
2BDEFB986C4,25.2
2BDF13D52EA,25.2
2BDF1957136,25.2
2BDF2042E2D,25.2
2BDF22AE226,25.2
2BDF233AD72,25.2
2BDF2A3B30A,25.2
2BDF2CE75C8,25.2
2BDF2FDF8D4,25.2
2BDF3301C3E,25.2
2BDF332802C,25.2
2BDF3526E58,25.2
2BDF3B9338B,25.2
2BDF3E3C167,25.2
2BDF4948D89,25.2
2BDF4D0B1FD,25.2
2BDF52A5CE8,25.2
2BDF567B353,25.2
2BDF5C93F58,25.2
2BDF6279F3C,25.2
2BDF6DCD4CB,25.2
2BDF71DC4E2,25.2
2BDF7EB970D,25.2
2BDF7EB9E9B,25.2
2BDF8712003,25.2
2BDF94CD4A9,25.2
2BDFA47F346,25.2
2BDFA807E0E,25.2
2BDFBB5B412,25.2
2BDFBBF803A,25.2
2BDFC0A03D0,25.2
2BDFD15D661,25.2
2BDFD4CD48A,25.2
2BDFD4E2880,25.2
2BDFDC7FA40,25.2
2BDFDD0AEE2,25.2
2BDFDD7CB90,25.2
2BDFDF784DA,25.2
2BDFE35D0CC,25.2
2BDFE587D8E,25.2
2BDFE58E38B,25.2
2BDFE9BEC04,25.2
2BDFE9C42E5,25.2
2BDFEA920BD,25.2
2BDFEAA2927,25.2
2BDFEFF0FFD,25.2
2BDFF0D72E6,25.2
2BDFF16C62E,25.2
2BDFF398D61,25.2
2BDFF3E8291,25.2
2BDFF9295DF,25.2
2BE003C638B,25.2
2BE004E85E6,25.2
2BE0051BD5C,25.2
2BE00AAC5DA,25.2
2BE00AD571C,25.2
2BE00D575B5,25.2
2BE015CA5BB,25.2
2BE02454EE3,25.2
2BE02836D81,25.2
2BE02DAF0EE,25.2
2BE03F3CAE4,25.2
2BE03FA9FCD,25.2
2BE052C6979,25.2
2BE06349709,25.2
2BE065ECE04,25.2
2BE065F0A74,25.2
2BE06E88030,25.2
2BE07772F1A,25.2
2BE07E04191,25.2
2BE0814EEAF,25.2
2BE08663BD9,25.2
2BE0895515A,25.2
2BE08C41B4F,25.2
2BE0909930B,25.2
2BE092F4261,25.2
2BE094111A2,25.2
2BE096CD903,25.2
2BE098E395D,25.2
2BE0A9A2DED,25.2
2BE0B00EB92,25.2
2BE0B41B9AA,25.2
2BE0C2613D6,25.2
2BE0C515702,25.2
2BE0CC299E6,25.2
2BE0DF11D00,25.2
2BE0E4ABC96,25.2
2BE0E9A9B59,25.2
2BE0EF00A2B,25.2
2BE0F27048D,25.2
2BE0F6BBF6B,25.2
2BE0F7A2254,25.2
2BE0FABB9FB,25.2
2BE0FC113CC,25.2
2BE0FED6AB7,25.2
2BE1048387D,25.2
2BE106778E7,25.2
2BE10C3D34C,25.2
2BE1198FE95,25.2
2BE119A3FA8,25.2
2BE11CB56E1,25.2
2BE11E8C6AE,25.2
2BE126996E4,25.2
2BE1289F662,25.2
2BE1324DCF0,25.2
2BE138B5A5E,25.2
2BE13BACE4E,25.2
2BE13CA44F6,25.2
2BE13DF07AF,25.2
2BE13E0D485,25.2
2BE144B0D9E,25.2
2BE147E4C55,25.2
2BE14BB3CC3,25.2
2BE14BBD014,25.2
2BE159FCBD1,25.2
2BE1601C19A,25.2
2BE16224E6C,25.2
2BE171290E9,25.2
2BE172F1A4B,25.2
2BE184249C1,25.2
2BE18E09152,25.2
2BE1A09D3B0,25.2
2BE1AAC575A,25.2
2BE1BD72A1E,25.2
2BE1BF3F3B7,25.2
2BE1D072E82,25.2
2BE1D0FE324,25.2
2BE1D1646BB,25.2
2BE1D2483DE,25.2
2BE1D357442,25.2
2BE1DDF3A60,25.2
2BE1E1E5DA1,25.2
2BE1E63CA08,25.2
2BE1E81360E,25.2
2BE1E904E47,25.2
2BE1ED02A9F,25.2
2BE1EE00744,25.2
2BE1FE2EC8A,25.2
2BE1FF8025D,25.2
2BE20425111,25.2
2BE20922FD4,25.2
2BE2147839B,25.2
2BE218433D2,25.2
2BE219B96E9,25.2
2BE221B260C,25.2
2BE2268E118,25.2
2BE22B94410,25.2
2BE22F02B8F,25.2
2BE22FB4BAD,25.2
2BE23216100,25.2
2BE23956641,25.2
2BE24293021,25.2
2BE244C20E1,25.2
2BE2528B82B,25.2
2BE2531B0CB,25.2
2BE26308EDA,25.2
2BE265E13F5,25.2
2BE26A15CA5,25.2
2BE2780F683,25.2
2BE27E5DFC4,25.2
2BE27E71949,25.2
2BE2AAEE820,25.2
2BE2ACBD3B8,25.2
2BE2B84D40E,25.2
2BE2C3B28B1,25.2
2BE2C546B81,25.2
2BE2C6F3EB7,25.2
2BE2D2B5FD9,25.2
2BE2EFA5D57,25.2
2BE2F79060F,25.2
2BE3003E66B,25.2
2BE3072DFD2,25.2
2BE3095C176,25.2
2BE313AF49A,25.2
2BE31CF5592,25.2
2BE322663E6,25.2
2BE32614B0E,25.2
2BE330D6237,25.2
2BE333593B3,25.2
2BE3371D65F,25.2
2BE347A2D7C,25.2
2BE348E738E,25.2
2BE34B52F15,25.2
2BE359EA437,25.2
2BE35A3C6BB,25.2
2BE35F4B576,25.2
2BE3605AD68,25.2
2BE368E3164,25.2
2BE37753ED1,25.2
2BE378E26F9,25.2
2BE386DB949,25.2
2BE388FBC10,25.2
2BE389452D1,25.2
2BE38BC716A,25.2
2BE390432A3,25.2
2BE3963CFD3,25.2
2BE39681741,25.2
2BE398A475C,25.2
2BE39DAC0FE,25.2
2BE39E4E7CE,25.2
2BE3AA7A8F7,25.2
2BE3ADD8445,25.2
2BE3B7CBD96,25.2
2BE3CAED2CE,25.2
2BE3D132130,25.2
2BE3D2FF257,25.2
2BE3D6048EB,25.2
2BE3E08D94B,25.2
2BE3E17F54B,25.2
2BE3E41ABD8,25.2
2BE3E4A49D0,25.2
2BE3E6630C5,25.2
2BE3EB03F42,25.2
2BE3EB354B9,25.2
2BE3F70E07B,25.2
2BE40453FCA,25.2
2BE410958B0,25.2
2BE414D8B92,25.2
2BE441EC094,25.2
2BE4437F80F,25.2
2BE445BDE56,25.2
2BE44C8B406,25.2
2BE450721F7,25.2
2BE46793586,25.2
2BE46A474EB,25.2
2BE46CA18EC,25.2
2BE476B9065,25.2
2BE4775F76C,25.2
2BE48668D03,25.2
2BE494CB03E,25.2
2BE49699448,25.2
2BE4975169C,25.2
2BE499A32A1,25.2
2BE49C09B0E,25.2
2BE4A23A0CF,25.2
2BE4A30B750,25.2
2BE4AD0789D,25.2
2BE4B69BFA9,25.2
2BE4BADB61B,25.2
2BE4BCC44FC,25.2
2BE4CAC57BA,25.2
2BE4D792CD0,25.2
2BE4DB64A92,25.2
2BE4DD79442,25.2
2BE4DDC41AD,25.2
2BE4DFD8796,25.2
2BE4E31612C,25.2
2BE4E97DAD3,25.2
2BE4F265114,25.2
2BE4F2A3285,25.2
2BE4F67C199,25.2
2BE503C8E73,25.2
2BE5067E482,25.2
2BE5073D828,25.2
2BE50CFE701,25.2
2BE51005078,25.2
2BE51578C20,25.2
2BE51F14845,25.2
2BE52771900,25.2
2BE53F74B7A,25.2
2BE5461A692,25.2
2BE54CC5C52,25.2
2BE54D3F1E0,25.2
2BE55A8BEBA,25.2
2BE55FF1030,25.2
2BE575C8A93,25.2
2BE585FCE48,25.2
2BE58CD5D0F,25.2
2BE5912D4CB,25.2
2BE5A858E8E,25.2
2BE5A8FA642,25.2
2BE5A9132E1,25.2
2BE5B1B9E24,25.2
2BE5B95DD6F,25.2
2BE5BACE9A5,25.2
2BE5BB10B4D,25.2
2BE5BDB3ABA,25.2
2BE5CEA2A50,25.2
2BE5D3DC4BE,25.2
2BE5E495351,25.2
2BE5E5AF905,25.2
2BE5E730250,25.2
2BE5E847E77,25.2
2BE5EEC136B,25.2
2BE601F65EF,25.2
2BE60DAFB4E,25.2
2BE61543D84,25.2
2BE61DC13BE,25.2
2BE624FE41D,25.2
2BE6259D60B,25.2
2BE6281BFC2,25.2
2BE63478ED4,25.2
2BE6426FF25,25.2
2BE64877B32,25.2
2BE64A422CC,25.2
2BE65AACF12,25.2
2BE6664B99A,25.2
2BE669D8C27,25.2
2BE66D2F9EA,25.2
2BE670ABC7F,25.2
2BE673DABE3,25.2
2BE67E454FC,25.2
2BE689F3C99,25.2
2BE68D7652B,25.2
2BE68F3B21D,25.2
2BE693531BE,25.2
2BE6962E7F4,25.2
2BE69A32682,25.2
2BE6A1D803E,25.2
2BE6A25F4A9,25.2
2BE6A46C940,25.2
2BE6A51B47C,25.2
2BE6A7477E8,25.2
2BE6B22FE54,25.2
2BE6B3A7087,25.2
2BE6B4D71BF,25.2
2BE6BAFAB86,25.2
2BE6C24A64E,25.2
2BE6C427FDF,25.2
2BE6CDA7E4A,25.2
2BE6CE556A3,25.2
2BE6D1D42C5,25.2
2BE6DC794A6,25.2
2BE6DCCB363,25.2
2BE6ECC33DF,25.2
2BE6F5C8DA0,25.2
2BE6F70717C,25.2
2BE6FD2417F,25.2
2BE70215F9D,25.2
2BE70BA3190,25.2
2BE71207A1C,25.2
2BE7261FE6E,25.2
2BE728AC33B,25.2
2BE728B87A7,25.2
2BE72AA0B33,25.2
2BE73592129,25.2
2BE736FE961,25.2
2BE73B13420,25.2
2BE73F7A163,25.2
2BE7403C9EB,25.2
2BE74B7A7BD,25.2
2BE7500C0B3,25.2
2BE755E549D,25.2
2BE75837830,25.2
2BE7596EABA,25.2
2BE759DC731,25.2
2BE75CBE72B,25.2
2BE77ACEC93,25.2
2BE77D4A52F,25.2
2BE77D91263,25.2
2BE78083E8E,25.2
2BE7824294A,25.2
2BE78644212,25.2
2BE78847803,25.2
2BE78F378F8,25.2
2BE79601238,25.2
2BE79792F42,25.2
2BE7979D576,25.2
2BE79C0F442,25.2
2BE7A276DE9,25.2
2BE7A3B5953,25.2
2BE7A4D7BAE,25.2
2BE7A7F84A7,25.2
2BE7AEE9C46,25.2
2BE7AF0618E,25.2
2BE7BB8C5A9,25.2
2BE7C45EBBB,25.2
2BE7D37A066,25.2
2BE7E380B14,25.2
2BE7E5E5CD7,25.2
2BE7E615BA4,25.2
2BE7E860DE5,25.2
2BE7EECF517,25.2
2BE7F39B6D5,25.2
2BE7FD8682A,25.2
2BE8012DE00,25.2
2BE80308676,25.2
2BE8074C0E6,25.2
2BE807ACD9C,25.2
2BE813C05ED,25.2
2BE81DC8F6D,25.2
2BE820BD242,25.2
2BE8263CE8F,25.2
2BE83D6AE18,25.2
2BE83D9A91E,25.2
2BE8458ECB5,25.2
2BE8469AFC5,25.2
2BE848E3879,25.2
2BE856F2286,25.2
2BE857633DF,25.2
2BE859568F4,25.2
2BE85BA4889,25.2
2BE865BC3C9,25.2
2BE885E2D52,25.2
2BE888C7AA0,25.2
2BE89873E95,25.2
2BE89AE9134,25.2
2BE89F371D8,25.2
2BE8A5CB1A3,25.2
2BE8AA1FC0B,25.2
2BE8CB52C6B,25.2
2BE8CB5ED10,25.2
2BE8CF1B6DC,25.2
2BE8DA8EE23,25.2
2BE8DBD7BFA,25.2
2BE8DBD7FC1,25.2
2BE8DCAED23,25.2
2BE8E09AA67,25.2
2BE8E115A66,25.2
2BE934A1714,25.2
2BE93BE49A9,25.2
2BE93C5AA55,25.2
2BE9412BF2D,25.2
2BE948951E9,25.2
2BE9563C1B5,25.2
2BE9581C4D3,25.2
2BE96200C64,25.2
2BE96A5AFCB,25.2
2BE97381A60,25.2
2BE98A5404D,25.2
2BE9B1E0F3E,25.2
2BE9B7D118F,25.2
2BE9CDFDBCA,25.2
2BE9E3EFD3D,25.2
2BE9E848415,25.2
2BE9EC7EEC4,25.2
2BE9F1BD885,25.2
2BE9F3E0C67,25.2
2BE9F73490F,25.2
2BE9F73E027,25.2
2BE9F812035,25.2
2BE9F934657,25.2
2BE9F998061,25.2
2BE9FE9FA03,25.2
2BEA098C46D,25.2
2BEA455BF9C,25.2
2BEA4F483D4,25.2
2BEA50C143F,25.2
2BEA58222C6,25.2
2BEA5F803F9,25.2
2BEA619A0C3,25.2
2BEA6A6EC9B,25.2
2BEA6BA0C0B,25.2
2BEA6C91CB6,25.2
2BEA77F12EA,25.2
2BEA7A7F9B6,25.2
2BEA7AD45C7,25.2
2BEA7C169DA,25.2
2BEA836C6D8,25.2
2BEA83B707C,25.2
2BEA88F8003,25.2
2BEA8BE2F87,25.2
2BEA92D70B3,25.2
2BEA9792A07,25.2
2BEA9AC59A2,25.2
2BEAA3DC722,25.2
2BEAB58DF40,25.2
2BEABCCA811,25.2
2BEAC887DA7,25.2
2BEAD6C6681,25.2
2BEAE28036E,25.2
2BEAE41D201,25.2
2BEAE8395A0,25.2
2BEB0193895,25.2
2BEB10D8249,25.2
2BEB19585D7,25.2
2BEB1F9395A,25.2
2BEB27BED10,25.2
2BEB2C12C23,25.2
2BEB4D313E2,25.2
2BEB57D038D,25.2
2BEB63F6280,25.2
2BEB73516D4,25.2
2BEB753F8CF,25.2
2BEB76CA0C0,25.2
2BEB789EE8E,25.2
2BEB9869AB4,25.2
2BEB9B09178,25.2
2BEBAF10999,25.2
2BEBB10D5C6,25.2
2BEBB1973BE,25.2
2BEBB329FE4,25.2
2BEBBC436F1,25.2
2BEBC5417D2,25.2
2BEBD3219BC,25.2
2BEBD61F770,25.2
2BEBE809657,25.2
2BEBE85BCA2,25.2
2BEBEEABC8D,25.2
2BEBF5DA681,25.2
2BEBF74DC44,25.2
2BEBFBB8230,25.2
2BEC07C9882,25.2
2BEC0C1847B,25.2
2BEC0EA2382,25.2
2BEC1AD9DC2,25.2
2BEC32AABA9,25.2
2BEC35447C5,25.2
2BEC3D9BA11,25.2
2BEC5038FC0,25.2
2BEC672BB2C,25.2
2BEC6A1C558,25.2
2BEC7C04D95,25.2
2BEC80BC6B2,25.2
2BEC87D4D94,25.2
2BEC946CCFC,25.2
2BEC984E40C,25.2
2BECB791439,25.2
2BECBBCEC73,25.2
2BECBE58F41,25.2
2BECC0BAFE9,25.2
2BECC2BE5DA,25.2
2BECC8D75A6,25.2
2BECDDF9B09,25.2
2BECE0B69F8,25.2
2BECE3ED9CA,25.2
2BED05E7E3E,25.2
2BED0E1C17E,25.2
2BED17530B6,25.2
2BED1E77476,25.2
2BED2776C01,25.2
2BED35470D6,25.2
2BED35A35C7,25.2
2BED4C47758,25.2
2BED6CDA2E7,25.2
2BED7114A06,25.2
2BED7935B4F,25.2
2BED7BAE697,25.2
2BED8DCDEF3,25.2
2BEDA18E9E0,25.2
2BEDA44257E,25.2
2BEDBB1EDD8,25.2
2BEDBC91C0D,25.2
2BEDC2BECEC,25.2
2BEDD049B37,25.2
2BEDD307942,25.2
2BEDE76981C,25.2
2BEDEF4A22E,25.2
2BEDF0C1BEF,25.2
2BEDF2978D9,25.2
2BEE0214956,25.2
2BEE0481032,25.2
2BEE108A9DD,25.2
2BEE23E604F,25.2
2BEE382941B,25.2
2BEE3BC1831,25.2
2BEE4173CD8,25.2
2BEE417B97F,25.2
2BEE475A083,25.2
2BEE4BF2ACB,25.2
2BEE4D6CA52,25.2
2BEE4FD3686,25.2
2BEE54AB8E9,25.2
2BEE59AD7E3,25.2
2BEE6754B76,25.2
2BEE697A157,25.2
2BEE6AD3F26,25.2
2BEE6B1B7AF,25.2
2BEE6F096F2,25.2
2BEE883BB88,25.2
2BEE8E59AA7,25.2
2BEE93A1B80,25.2
2BEE9906CF6,25.2
2BEE9E4C07B,25.2
2BEE9FB5B5F,25.2
2BEEAC74DD1,25.2
2BEEB256229,25.2
2BEEB2DF105,25.2
2BEEBC9A38D,25.2
2BEEBE73559,25.2
2BEEC04BF97,25.2
2BEEC2F23E6,25.2
2BEECBDB85F,25.2
2BEECE91235,25.2
2BEED0443DA,25.2
2BEED21CE18,25.2
2BEEE6A1FC5,25.2
2BEEF06072F,25.2
2BEEF8D6489,25.2
2BEEFA4DE4A,25.2
2BEEFBA9E18,25.2
2BEEFDF7258,25.2
2BEEFFF6FA0,25.2
2BEF05DE267,25.2
2BEF15AB730,25.2
2BEF15C4B5D,25.2
2BEF1600E96,25.2
2BEF18E508F,25.2
2BEF2396315,25.2
2BEF3FBB79D,25.2
2BEF4C74412,25.2
2BEF5061BC7,25.2
2BEF509B573,25.2
2BEF5C280E7,25.2
2BEF600AADA,25.2
2BEF810C1FC,25.2
2BEF876113A,25.2
2BEF8AE1406,25.2
2BEF9A0E7C5,25.2
2BEF9CEB0DE,25.2
2BEFA5B5682,25.2
2BEFA70688E,25.2
2BEFAAC6ECA,25.2
2BEFAB3C05A,25.2
2BEFBA06CF2,25.2
2BEFC2074F5,25.2
2BEFC485AE5,25.2
2BEFCA443F8,25.2
2BEFCA4842F,25.2
2BEFCDA04D5,25.2
2BEFD0F1429,25.2
2BEFD213E12,25.2
2BEFD849AB4,25.2
2BEFE948398,25.2
2BEFF16BE6E,25.2
2BEFF6939C8,25.2
2BEFF71F5F8,25.2
2BEFF7534FC,25.2
2BEFF9C1DD7,25.2
2BEFFFF3A42,25.2
2BF001466BF,25.2
2BF0018E30F,25.2
2BF011564BE,25.2
2BF0129B625,25.2
2BF02570ED6,25.2
2BF03BDEF64,25.2
2BF04882BAA,25.2
2BF0509FCBC,25.2
2BF05619A9A,25.2
2BF05C881CC,25.2
2BF07A13101,25.2
2BF07BAB408,25.2
2BF0834C238,25.2
2BF083AED26,25.2
2BF08434359,25.2
2BF08B2FD65,25.2
2BF0AACC8F6,25.2
2BF0B95E370,25.2
2BF0BECEDFD,25.2
2BF0CBD6BDB,25.2
2BF0CE94258,25.2
2BF0D8FC972,25.2
2BF0DED0A42,25.2
2BF0E7FCBB8,25.2
2BF0ED1646E,25.2
2BF0EE89DF8,25.2
2BF0F50CA04,25.2
2BF1011BE57,25.2
2BF106598FC,25.2
2BF11BF22D2,25.2
2BF1221A45E,25.2
2BF1248F6FD,25.2
2BF132BEE17,25.2
2BF14A4A93B,25.2
2BF15994609,25.2
2BF15F2A568,25.2
2BF160C7F50,25.2
2BF16F2001E,25.2
2BF1700FA1F,25.2
2BF177D3EE9,25.2
2BF1782121A,25.2
2BF17F69F57,25.2
2BF19ADEE32,25.2
2BF19F4AE8F,25.2
2BF1A15CEB2,25.2
2BF1BA5F842,25.2
2BF1C82CFC3,25.2
2BF1C982206,25.2
2BF1D61301C,25.2
2BF1D85129C,25.2
2BF1E69A571,25.2
2BF1E781F04,25.2
2BF1E8E9422,25.2
2BF1EC06839,25.2
2BF1EE98F3C,25.2
2BF1F414B52,25.2
2BF203C2D7F,25.2
2BF20458855,25.2
2BF22B1DF6B,25.2
2BF23C90AC3,25.2
2BF24BBED9E,25.2
2BF256B52E7,25.2
2BF257AAF1E,25.2
2BF25F0FA15,25.2
2BF264CE328,25.2
2BF2908D503,25.2
2BF2A8690AC,25.2
2BF2A9CD0E8,25.2
2BF2B2E7E9F,25.2
2BF2B32D8F0,25.2
2BF2C9FA06E,25.2
2BF2CA394C2,25.2
2BF2E70A732,25.2
2BF2F61573A,25.2
2BF2FBB645B,25.2
2BF306B4A12,25.2
2BF314DB569,25.2
2BF319C47C4,25.2
2BF31BA3438,25.2
2BF31D70CED,25.2
2BF31EB2D39,25.2
2BF3230DD9E,25.2
2BF325DCF68,25.2
2BF328736A2,25.2
2BF32C329FB,25.2
2BF3338FFD9,25.2
2BF33668C82,25.2
2BF34993C99,25.2
2BF34E49B45,25.2
2BF34F217C3,25.2
2BF359D084A,25.2
2BF35B6878A,25.2
2BF35E1F80A,25.2
2BF361A5D0C,25.2
2BF363414F5,25.2
2BF3661A92C,25.2
2BF368C5CCE,25.2
2BF36E8188D,25.2
2BF37932385,25.2
2BF37CA5E1E,25.2
2BF37E37761,25.2
2BF382C35AF,25.2
2BF38699EFD,25.2
2BF38AE3F6A,25.2
2BF391A90E5,25.2
2BF39E95109,25.2
2BF3A6177F2,25.2
2BF3ABD065D,25.2
2BF3B6C14C5,25.2
2BF3B7D895E,25.2
2BF3BB97529,25.2
2BF3C4C602C,25.2
2BF4022F50C,25.2
2BF40F8B3A6,25.2
2BF423B3146,25.2
2BF43160348,25.2
2BF43AF701A,25.2
2BF43DD4488,25.2
2BF43F17029,25.2
2BF442A5960,25.2
2BF4430B1A2,25.2
2BF449F35F0,25.2
2BF44BEC1E6,25.2
2BF44F26A61,25.2
2BF451C7B96,25.2
2BF45754B6B,25.2
2BF461FFF82,25.2
2BF4700E98F,25.2
2BF4724E680,25.2
2BF47770732,25.2
2BF47E11E4C,25.2
2BF47EDF0CF,25.2
2BF49335692,25.2
2BF49608105,25.2
2BF499EAEBF,25.2
2BF4A1B4A6A,25.2
2BF4A42A85E,25.2
2BF4AB77D60,25.2
2BF4B07AF3D,25.2
2BF4B1AFC01,25.2
2BF4BD32C96,25.2
2BF4BF3D012,25.2
2BF4C27B4FD,25.2
2BF4C9D1D50,25.2
2BF4CA28F27,25.2
2BF4D3F996C,25.2
2BF4D5B3C63,25.2
2BF4D816C27,25.2
2BF4DF25BF1,25.2
2BF4E59A192,25.2
2BF4E701A77,25.2
2BF4EB5C715,25.2
2BF4F5AE38F,25.2
2BF4F6B07F9,25.2
2BF4FF0492A,25.2
2BF50410A91,25.2
2BF517B22E2,25.2
2BF51FCA0DA,25.2
2BF527B3A76,25.2
2BF52D0CB47,25.2
2BF5391DDD2,25.2
2BF53CA029D,25.2
2BF544F4B5C,25.2
2BF55F3861C,25.2
2BF563DA3B5,25.2
2BF56938012,25.2
2BF570E4392,25.2
2BF57630FF7,25.2
2BF58098067,25.2
2BF58858C88,25.2
2BF589A933F,25.2
2BF59128CD4,25.2
2BF5A2528F9,25.2
2BF5A84E828,25.2
2BF5A9F09D5,25.2
2BF5AD48E42,25.2
2BF5B7922C0,25.2
2BF5C466928,25.2
2BF5CF225A9,25.2
2BF5D14ECDC,25.2
2BF5D5C29E0,25.2
2BF5D621FEC,25.2
2BF5E0E1CA4,25.2
2BF5E34F663,25.2
2BF5E69DFF1,25.2
2BF5E758444,25.2
2BF5FA685BD,25.2
2BF5FE9F7FA,25.2
2BF5FEC4905,25.2
2BF60CE8E96,25.2
2BF60ECE4CE,25.2
2BF60FFB124,25.2
2BF614607BD,25.2
2BF61871D9A,25.2
2BF61D3B5CB,25.2
2BF622B2655,25.2
2BF62A5CF64,25.2
2BF632C2FA9,25.2
2BF63DE40A5,25.2
2BF641A2C70,25.2
2BF641BA62C,25.2
2BF645FA065,25.2
2BF64DF6BF8,25.2
2BF65199DD0,25.2
2BF65B8CBCC,25.2
2BF66553EF9,25.2
2BF66776786,25.2
2BF66B7076E,25.2
2BF676050E5,25.2
2BF67AC9235,25.2
2BF67BD18D5,25.2
2BF682A639E,25.2
2BF68ED0E1D,25.2
2BF6920A77C,25.2
2BF6927074C,25.2
2BF694FA28C,25.2
2BF6A2449A0,25.2
2BF6AEB3F54,25.2
2BF6B3780A4,25.2
2BF6B448BD0,25.2
2BF6C1B3FF1,25.2
2BF6CA80794,25.2
2BF6CB03801,25.2
2BF6CC13B48,25.2
2BF6CD5CCE6,25.2
2BF6CFD1BBE,25.2
2BF6D1F1330,25.2
2BF6D2D66FD,25.2
2BF6D331544,25.2
2BF6D3C2855,25.2
2BF6DBD3134,25.2
2BF6F5A7145,25.2
2BF6F856157,25.2
2BF6F97DE5A,25.2
2BF6FA3F7C6,25.2
2BF710903F0,25.2
2BF71243595,25.2
2BF71C9159F,25.2
2BF71ED4B39,25.2
2BF721C18F5,25.2
2BF726733A3,25.2
2BF7311894B,25.2
2BF7332C7A6,25.2
2BF73C4C4B0,25.2
2BF74301CDD,25.2
2BF74BB4137,25.2
2BF75C46815,25.2
2BF75F13BA7,25.2
2BF768F961B,25.2
2BF76B651A2,25.2
2BF771FB733,25.2
2BF77B067D5,25.2
2BF77BD7A8F,25.2
2BF7861B09E,25.2
2BF78A5942D,25.2
2BF7907D949,25.2
2BF792D3585,25.2
2BF795D2255,25.2
2BF79F8986D,25.2
2BF7A02C6CB,25.2
2BF7A62E0A2,25.2
2BF7A9DB4E7,25.2
2BF7AB0AACA,25.2
2BF7B6D1F06,25.2
2BF7B9A0D09,25.2
2BF7BDF3D00,25.2
2BF7BF6A3DE,25.2
2BF7D26BEEC,25.2
2BF7E0C7C2A,25.2
2BF7F089BA3,25.2
2BF7F521E5D,25.2
2BF7F54D92C,25.2
2BF7F641EB9,25.2
2BF7F6B4A83,25.2
2BF80334113,25.2
2BF809945A1,25.2
2BF80F2B055,25.2
2BF811388B3,25.2
2BF812CED82,25.2
2BF81C04610,25.2
2BF82B26846,25.2
2BF82BFA854,25.2
2BF830EDD1C,25.2
2BF8371351B,25.2
2BF83E69219,25.2
2BF840FBCE3,25.2
2BF84AC42F3,25.2
2BF84B524E9,25.2
2BF84C3A9D1,25.2
2BF84C81705,25.2
2BF84CD9431,25.2
2BF8504D291,25.2
2BF852C472F,25.2
2BF8538A860,25.2
2BF8596479F,25.2
2BF85F3F5FA,25.2
2BF861C6F3B,25.2
2BF864F882C,25.2
2BF869BC1EE,25.2
2BF871CFBE8,25.2
2BF873CEDDB,25.2
2BF8756291D,25.2
2BF87828796,25.2
2BF879DEE1D,25.2
2BF87B6A163,25.2
2BF87D1CF41,25.2
2BF87D83A66,25.2
2BF881D71EB,25.2
2BF88CD79A1,25.2
2BF895BCA1C,25.2
2BF8ACEBC88,25.2
2BF8B725F46,25.2
2BF8BD58E94,25.2
2BF8C966876,25.2
2BF8D96439A,25.2
2BF8DB80263,25.2
2BF8E212F4B,25.2
2BF8E774818,25.2
2BF8F0807D6,25.2
2BF901A9C6D,25.2
2BF9074163D,25.2
2BF91305D25,25.2
2BF91CC4856,25.2
2BF91DFCDC3,25.2
2BF92319006,25.2
2BF927D7A75,25.2
2BF9388F625,25.2
2BF93A5614F,25.2
2BF93AB8C3D,25.2
2BF93AF7CCA,25.2
2BF947ED406,25.2
2BF9560552B,25.2
2BF9577E1CF,25.2
2BF96051E8B,25.2
2BF9662DFC9,25.2
2BF96985153,25.2
2BF96E2B6B1,25.2
2BF9719B113,25.2
2BF9784C909,25.2
2BF980E6FE0,25.2
2BF981AB2D9,25.2
2BF983EC674,25.2
2BF9BCA93C0,25.2
2BF9BCE2D6C,25.2
2BF9D562A56,25.2
2BF9D608241,25.2
2BF9DCA5196,25.2
2BF9DDC029F,25.2
2BF9E610EEE,25.2
2BF9E7B0AD5,25.2
2BF9E902836,25.2
2BF9EC6CF7E,25.2
2BF9EF49109,25.2
2BF9F3E4117,25.2
2BF9FA63841,25.2
2BF9FFAADC5,25.2
2BFA045EA72,25.2
2BFA04F4CD6,25.2
2BFA1928754,25.2
2BFA2EBCD2C,25.2
2BFA3221605,25.2
2BFA37454EF,25.2
2BFA3AFCBA1,25.2
2BFA3C8F039,25.2
2BFA4215DD8,25.2
2BFA480950B,25.2
2BFA5423AE7,25.2
2BFA54B7B4C,25.2
2BFA5B10333,25.2
2BFA713CD6E,25.2
2BFA754BD85,25.2
2BFA8E9A39C,25.2
2BFA8F03FDC,25.2
2BFA933CC8A,25.2
2BFA9680856,25.2
2BFA9D0CF41,25.2
2BFA9E3E723,25.2
2BFAA10587F,25.2
2BFAA6DC2DC,25.2
2BFAAAD796E,25.2
2BFAAD2AFE4,25.2
2BFAB42EE25,25.2
2BFAB75E517,25.2
2BFAB802291,25.2
2BFAB8AAB97,25.2
2BFABACA6D0,25.2
2BFAC576DCA,25.2
2BFAC8B6D26,25.2
2BFAD091C90,25.2
2BFAD894A59,25.2
2BFAE1D9FFC,25.2
2BFAE376701,25.2
2BFAE4C6263,25.2
2BFAF15ACE9,25.2
2BFAF4AC792,25.2
2BFAFE64538,25.2
2BFB0D2F95E,25.2
2BFB0D50A32,25.2
2BFB1EED221,25.2
2BFB28767A4,25.2
2BFB2AB8A5B,25.2
2BFB32C0B3E,25.2
2BFB3D0AED8,25.2
2BFB402467F,25.2
2BFB41A2276,25.2
2BFB46BD1D6,25.2
2BFB49A22EB,25.2
2BFB57943E9,25.2
2BFB5D9BFF6,25.2
2BFB70E93C4,25.2
2BFB77CFDA1,25.2
2BFB83CCF19,25.2
2BFB84B1F1F,25.2
2BFB85734C4,25.2
2BFB9018A6C,25.2
2BFB9221B05,25.2
2BFBAE621F2,25.2
2BFBB096993,25.2
2BFBB7F28C7,25.2
2BFBBA0A392,25.2
2BFBBC3B28A,25.2
2BFBBDB3012,25.2
2BFBC219D55,25.2
2BFBC264E87,25.2
2BFBCF86092,25.2
2BFBD034079,25.2
2BFBD03A676,25.2
2BFBD1ABE01,25.2
2BFBE37D410,25.2
2BFBEB5D2CD,25.2
2BFBF92AA4E,25.2
2BFBFA1D56A,25.2
2BFC073BDE8,25.2
2BFC0C7EBA7,25.2
2BFC0D96B95,25.2
2BFC1419F2F,25.2
2BFC197F46C,25.2
2BFC1F7E4B6,25.2
2BFC20A2182,25.2
2BFC22F08A5,25.2
2BFC260AF68,25.2
2BFC29F3F58,25.2
2BFC2AFD14D,25.2
2BFC34A60FA,25.2
2BFC3924432,25.2
2BFC411295A,25.2
2BFC4468BC8,25.2
2BFC478896C,25.2
2BFC4BED877,25.2
2BFC5493C2C,25.2
2BFC5CF41C9,25.2
2BFC5E24E56,25.2
2BFC6008656,25.2
2BFC61C0B15,25.2
2BFC664EF29,25.2
2BFC69B7C00,25.2
2BFC6EEA155,25.2
2BFC7082FB1,25.2
2BFC70DFFF7,25.2
2BFC747B8EF,25.2
2BFC74E1131,25.2
2BFC7C8580A,25.2
2BFC82D8549,25.2
2BFC834E5F5,25.2
2BFC84B8867,25.2
2BFC84EE5A3,25.2
2BFC8630228,25.2
2BFC87FF915,25.2
2BFC891BD01,25.2
2BFC8A5D1F8,25.2
2BFC978B3C4,25.2
2BFC9B7E25A,25.2
2BFCA101EDE,25.2
2BFCA711F20,25.2
2BFCB1A6109,25.2
2BFCB4E6F81,25.2
2BFCC5D97C0,25.2
2BFCC8DE2FF,25.2
2BFCD3E90E9,25.2
2BFCD40306B,25.2
2BFCD73A404,25.2
2BFCD90BCF0,25.2
2BFCE68E706,25.2
2BFCE825363,25.2
2BFCF3920E6,25.2
2BFCF78D3B1,25.2
2BFD104759C,25.2
2BFD11A97A0,25.2
2BFD1750330,25.2
2BFD1C4BFF4,25.2
2BFD1D87A43,25.2
2BFD1EBA508,25.2
2BFD2DACC38,25.2
2BFD2EDD4FE,25.2
2BFD2FCDA54,25.2
2BFD36AE1FB,25.2
2BFD36E068E,25.2
2BFD40F6396,25.2
2BFD4392578,25.2
2BFD44A5DA1,25.2
2BFD4C0E141,25.2
2BFD4D6DD7F,25.2
2BFD5868E54,25.2
2BFD5DE5986,25.2
2BFD5F8D214,25.2
2BFD6385F19,25.2
2BFD695417A,25.2
2BFD8285ABB,25.2
2BFD8B77369,25.2
2BFD92CFDBB,25.2
2BFD95F37CF,25.2
2BFD9D3B5F0,25.2
2BFDA732F78,25.2
2BFDA7D9E0D,25.2
2BFDAA36B9B,25.2
2BFDAF81601,25.2
2BFDB24BC3F,25.2
2BFDB2AF282,25.2
2BFDB3FA258,25.2
2BFE0E5EDCD,25.2
2BFE1044405,25.2
2BFE1220325,25.2
2BFE1417FFF,25.2
2BFE21CCEA8,25.2
2BFE24CF05A,25.2
2BFE279AD42,25.2
2BFE27FB9F8,25.2
2BFE2F461A6,25.2
2BFE316C6A3,25.2
2BFE3477418,25.2
2BFE34F9930,25.2
2BFE3FD8884,25.2
2BFE46B0BF6,25.2
2BFE503FFE8,25.2
2BFE50CCB34,25.2
2BFE60770F1,25.2
2BFE68C7979,25.2
2BFE7157655,25.2
2BFE7BE8EB1,25.2
2BFE8622DA8,25.2
2BFE8AFCA7C,25.2
2BFE9DB9A55,25.2
2BFE9EFAB85,25.2
2BFEA9E31F1,25.2
2BFEB1E6ED6,25.2
2BFEC1A4E18,25.2
2BFEC3A8042,25.2
2BFED37825F,25.2
2BFED7EA8B9,25.2
2BFEDBA1416,25.2
2BFEE2F8030,25.2
2BFEFB9A85F,25.2
2BFEFBD1C45,25.2
2BFF035F4B7,25.2
2BFF0D7BB83,25.2
2BFF169D2FE,25.2
2BFF23D5AFE,25.2
2BFF2A93EEE,25.2
2BFF2BB77F3,25.2
2BFF32FD7DC,25.2
2BFF39C931B,25.2
2BFF3AFE76D,25.2
2BFF450DE78,25.2
2BFF52F8A5D,25.2
2BFF550BD63,25.2
2BFF5D7656D,25.2
2BFF6306A24,25.2
2BFF64D4E2E,25.2
2BFF6B5C5C6,25.2
2BFF715176A,25.2
2BFF73761F6,25.2
2BFF760BDDB,25.2
2BFF84E9115,25.2
2BFF9199955,25.2
2BFF943FDA4,25.2
2BFF96D73FA,25.2
2BFF98B8DC2,25.2
2BFF9D71D89,25.2
2BFFABB610B,25.2
2BFFBB1BF5A,25.2
2BFFCF1F744,25.2
2BFFE7FF58F,25.2
2BFFE8D62F1,25.2
2BFFFD3455B,25.2
2C001C6A200,25.2
2C00808E3FB,25.2
2C00830C25D,25.2
2C008A3A0FC,25.2
2C008B25338,25.2
2C009BB5FA5,25.2
2C00A5EE064,25.2
2C00A65EDF6,25.2
2C00AB698B3,25.2
2C00B09DC40,25.2
2C00BCEAE3D,25.2
2C00C16C290,25.2
2C00D01EA17,25.2
2C00D6612B3,25.2
2C00D670C01,25.2
2C00E1D5CDD,25.2
2C00EC7A730,25.2
2C00F0A98FF,25.2
2C00F574F68,25.2
2C00FB43590,25.2
2C0109660B0,25.2
2C011123F7D,25.2
2C01128F899,25.2
2C01168F6F0,25.2
2C011890AE2,25.2
2C011912FFA,25.2
2C011A01351,25.2
2C0129033CF,25.2
2C01301F721,25.2
2C013EC3476,25.2
2C014887A4F,25.2
2C0149FA884,25.2
2C014BB4B7B,25.2
2C014C746AF,25.2
2C014D8C2D6,25.2
2C01566C037,25.2
2C015FEEBF6,25.2
2C016833F2E,25.2
2C016D52EC5,25.2
2C01763ECCB,25.2
2C017C61776,25.2
2C017E260A1,25.2
2C0181F2782,25.2
2C01894AA46,25.2
2C0193546A9,25.2
2C019B130CB,25.2
2C019D0168D,25.2
2C019E87E47,25.2
2C01A85AA8B,25.2
2C01A89DB4F,25.2
2C01AC96C1B,25.2
2C01B199A31,25.2
2C01B254DA0,25.2
2C01B2E4DCE,25.2
2C01B50AB3D,25.2
2C01BDC7D59,25.2
2C01D478356,25.2
2C01E0E1A9B,25.2
2C01E288B9B,25.2
2C01E38FF58,25.2
2C01E57B7C6,25.2
2C01F0795EF,25.2
2C01F8F2464,25.2
2C01FA84535,25.2
2C01FB5F695,25.2
2C02046101F,25.2
2C020C4AD82,25.2
2C020DF5AF2,25.2
2C0214C969F,25.2
2C02157FE82,25.2
2C02163E30C,25.2
2C0217421E7,25.2
2C022092CDA,25.2
2C022EEEDDF,25.2
2C022FEFB9F,25.2
2C0230F9522,25.2
2C0235A3E7E,25.2
2C0236D83B4,25.2
2C023B1F306,25.2
2C023C55A3B,25.2
2C026C2B8D4,25.2
2C0270166FC,25.2
2C02725FECC,25.2
2C0275EAB93,25.2
2C02791F966,25.2
2C027992530,25.2
2C02924B071,25.2
2C0297D52F2,25.2
2C02A33A795,25.2
2C02A4D010F,25.2
2C02B943EFD,25.2
2C02BD4A718,25.2
2C02BE5BD42,25.2
2C02C22DECB,25.2
2C02D5A78BD,25.2
2C02DF1B2BC,25.2
2C02E5877EF,25.2
2C02E76D1EE,25.2
2C02E7ED507,25.2
2C02EA887CD,25.2
2C02EF9BA86,25.2
2C02F0718CC,25.2
2C02F1A2920,25.2
2C03042E749,25.2
2C0321E1C6B,25.2
2C03264F739,25.2
2C032DCDDEB,25.2
2C032E57455,25.2
2C032F7255E,25.2
2C033017982,25.2
2C03368867A,25.2
2C03388E231,25.2
2C033C16932,25.2
2C034171C02,25.2
2C034E7CEC2,25.2
2C0357714C4,25.2
2C035DE930E,25.2
2C035E6B098,25.2
2C036D34E14,25.2
2C03707D56C,25.2
2C0372D668A,25.2
2C037591741,25.2
2C037856E2C,25.2
2C0381B2E6F,25.2
2C038582A32,25.2
2C0391B49CA,25.2
2C0392849A1,25.2
2C039656EF1,25.2
2C03A0EFC66,25.2
2C03A7FD94D,25.2
2C03AA33B5F,25.2
2C03AC5D905,25.2
2C03ADA4116,25.2
2C03AECFA89,25.2
2C03B08469F,25.2
2C03B110E24,25.2
2C03B24BD1E,25.2
2C03B27CECE,25.2
2C03BC2C0B1,25.2
2C03C5E6BAB,25.2
2C03C6DEDA8,25.2
2C03D50956F,25.2
2C03EC00112,25.2
2C03ED8FC1D,25.2
2C040069C93,25.2
2C0406BF35F,25.2
2C040717BE0,25.2
2C04138A676,25.2
2C041BE9569,25.2
2C042BA1A03,25.2
2C0434D90C9,25.2
2C0442B3F99,25.2
2C04449CAB3,25.2
2C044A62518,25.2
2C04532F810,25.2
2C04589A7F5,25.2
2C04640005F,25.2
2C046C0905E,25.2
2C046C3D329,25.2
2C0471B477A,25.2
2C047B2D493,25.2
2C048749119,25.2
2C048D8009E,25.2
2C0491CA4D2,25.2
2C04A337D10,25.2
2C04A6C9B29,25.2
2C04AD58BA1,25.2
2C04C319F2B,25.2
2C04CD85760,25.2
2C04F610A84,25.2
2C050051E94,25.2
2C051E282C2,25.2
2C05305D2DB,25.2
2C05476FC38,25.2
2C054D0100B,25.2
2C055E17E00,25.2
2C056023FB4,25.2
2C05606835B,25.2
2C0565FFD2B,25.2
2C056D836F7,25.2
2C057753D75,25.2
2C057B6A66C,25.2
2C058421652,25.2
2C058562F10,25.2
2C0599635DF,25.2
2C05C567E44,25.2
2C05CA3698F,25.2
2C05D4FDF27,25.2
2C05D54FDE4,25.2
2C05E340838,25.2
2C05E5DD56F,25.2
2C05F5D6507,25.2
2C0604BC404,25.2
2C060654E99,25.2
2C06182B3FB,25.2
2C061923D86,25.2
2C06260E339,25.2
2C06264F5C5,25.2
2C062828791,25.2
2C062B38FAE,25.2
2C0631C129B,25.2
2C0638B4C39,25.2
2C063E74FBD,25.2
2C064D02639,25.2
2C065DE4D9C,25.2
2C065DEBB27,25.2
2C065EFBAA7,25.2
2C06641AE05,25.2
2C067E7CC45,25.2
2C068368466,25.2
2C068764A14,25.2
2C0693F582A,25.2
2C0696DDA5A,25.2
2C0699DBBD5,25.2
2C06A8B254B,25.2
2C06B242492,25.2
2C06B275FCF,25.2
2C06B627812,25.2
2C06B7CB069,25.2
2C06BC93D45,25.2
2C06BCB33A8,25.2
2C06C3D0616,25.2
2C06D5D6A45,25.2
2C06D6F5F4C,25.2
2C06D806293,25.2
2C06D85A716,25.2
2C06DAEC2C4,25.2
2C06EB4AE65,25.2
2C06EBD397A,25.2
2C06EC90EE8,25.2
2C06F935683,25.2
2C06F950521,25.2
2C071959A46,25.2
2C071D6A895,25.2
2C0720702F0,25.2
2C0724D2C35,25.2
2C0731D9EBE,25.2
2C073705A4F,25.2
2C073A72396,25.2
2C073D64FC1,25.2
2C073FBBEE0,25.2
2C074F1EC14,25.2
2C0755084A1,25.2
2C0763F5129,25.2
2C076A2A63D,25.2
2C076BD045A,25.2
2C076BF024B,25.2
2C0771B7721,25.2
2C0775489E5,25.2
2C077EF4AAD,25.2
2C0781B02F2,25.2
2C07829B167,25.2
2C078445ED7,25.2
2C078893BB4,25.2
2C078CAD98D,25.2
2C078EA749F,25.2
2C079173CDC,25.2
2C0792B1563,25.2
2C0797ABB7D,25.2
2C079E9FCA9,25.2
2C079EAD031,25.2
2C07A9DE5D0,25.2
2C07B298E5F,25.2
2C07CBDC6B4,25.2
2C07DE213E2,25.2
2C07DF01C23,25.2
2C07E580431,25.2
2C07EFCA7CB,25.2
2C07F291927,25.2
2C07F332586,25.2
2C0802B8954,25.2
2C0804EFE49,25.2
2C080B48630,25.2
2C08243C58E,25.2
2C082C78575,25.2
2C083B1F3E5,25.2
